0.000000000000000000e+00,1.085373734880281348e-02
3.333333333333333287e-02,2.799169091326278100e-02
6.666666666666666574e-02,8.195443932356423489e-02
1.000000000000000056e-01,1.357082608491152476e-01
1.333333333333333315e-01,1.892487263105824546e-01
1.666666666666666574e-01,2.425710038328949547e-01
2.000000000000000111e-01,2.718138468860650248e-01
2.333333333333333370e-01,2.637336807638059888e-01
2.666666666666666630e-01,2.247571380453962653e-01
2.999999999999999889e-01,1.575991701643514320e-01
3.333333333333333148e-01,6.042853631166259648e-02
3.666666666666666408e-01,-6.732842648211842529e-02
4.000000000000000222e-01,-2.231806952532401356e-01
4.333333333333333481e-01,-3.691861999339388634e-01
4.666666666666666741e-01,-4.814289703089347783e-01
5.000000000000000000e-01,-5.638309320484657938e-01
5.333333333333333259e-01,-6.114996795197277235e-01
5.666666666666666519e-01,-6.244944497877227274e-01
5.999999999999999778e-01,-6.051883986827676365e-01
6.333333333333333037e-01,-5.542914002692167497e-01
6.666666666666666297e-01,-4.731052726316225532e-01
6.999999999999999556e-01,-3.598267971806987098e-01
7.333333333333332815e-01,-2.506074714411516413e-01
7.666666666666666075e-01,-1.739207868205293606e-01
8.000000000000000444e-01,-9.268448022697833855e-02
8.333333333333333703e-01,2.366524287451923086e-02
8.666666666666666963e-01,1.370002183563627518e-01
9.000000000000000222e-01,2.175078835211733952e-01
9.333333333333333481e-01,2.650644836591767861e-01
9.666666666666666741e-01,2.798457240720880201e-01
1.000000000000000000e+00,2.612723394678935218e-01
1.033333333333333215e+00,2.469145914422902210e-01
1.066666666666666652e+00,2.678539732351814528e-01
1.100000000000000089e+00,2.841960006833365027e-01
1.133333333333333304e+00,2.652240841369735147e-01
1.166666666666666741e+00,2.115520444720648541e-01
1.199999999999999956e+00,1.537701155385579332e-01
1.233333333333333393e+00,1.214744437723849768e-01
1.266666666666666607e+00,8.241203736255213463e-02
1.300000000000000044e+00,7.020086044900258025e-03
1.333333333333333259e+00,-6.457196261640173185e-02
1.366666666666666696e+00,-1.030770119178507360e-01
1.399999999999999911e+00,-1.084580057301058054e-01
1.433333333333333348e+00,-9.643693075319384467e-02
1.466666666666666563e+00,-1.023551645482027456e-01
1.500000000000000000e+00,-1.059912701554544950e-01
1.533333333333333215e+00,-7.658264071376723325e-02
1.566666666666666652e+00,-5.217429909915449748e-02
1.600000000000000089e+00,-6.254568673858797168e-02
1.633333333333333304e+00,-6.856842576215282925e-02
1.666666666666666741e+00,-4.127037453836537167e-02
1.699999999999999956e+00,-1.868653893413604883e-02
1.733333333333333393e+00,-3.119162104446891043e-02
1.766666666666666607e+00,-3.965022592733492834e-02
1.800000000000000044e+00,-1.395522296890329243e-02
1.833333333333333259e+00,2.658527564447170366e-02
1.866666666666666696e+00,4.657913205713513916e-02
1.899999999999999911e+00,3.187975755392045280e-02
1.933333333333333348e+00,2.168080030104550110e-02
1.966666666666666563e+00,4.616280669550618804e-02
2.000000000000000000e+00,6.556417892287298710e-02
2.033333333333333215e+00,5.053979186634861148e-02
2.066666666666666430e+00,3.975457543844800740e-02
2.100000000000000089e+00,6.379125928870768569e-02
2.133333333333333304e+00,8.349052463702383298e-02
2.166666666666666519e+00,6.835319752022597783e-02
2.200000000000000178e+00,5.117613287942949368e-02
2.233333333333333393e+00,6.518667374424073901e-02
2.266666666666666607e+00,7.634566814237708776e-02
2.299999999999999822e+00,5.261611647216678234e-02
2.333333333333333481e+00,8.620284505181423362e-03
2.366666666666666696e+00,-1.715840875431804552e-02
2.399999999999999911e+00,-5.430189313004610274e-03
2.433333333333333126e+00,3.952785395464866909e-03
2.466666666666666785e+00,-2.047460044614966140e-02
2.500000000000000000e+00,-3.850065300212655167e-02
2.533333333333333215e+00,-2.021609999317084197e-02
2.566666666666666430e+00,-4.704759752096682006e-03
2.600000000000000089e+00,-2.214349033653027765e-02
2.633333333333333304e+00,-4.155410499553921500e-02
2.666666666666666519e+00,-3.223356720332066355e-02
2.700000000000000178e+00,-2.500006109744217289e-02
2.733333333333333393e+00,-4.913971957004038132e-02
2.766666666666666607e+00,-6.702045884682844568e-02
2.799999999999999822e+00,-5.068258929228416226e-02
2.833333333333333481e+00,-3.651791113424346369e-02
2.866666666666666696e+00,-5.346668103368794334e-02
2.899999999999999911e+00,-6.414414090030297333e-02
2.933333333333333126e+00,-4.032443036502269401e-02
2.966666666666666785e+00,-1.883091882751312257e-02
3.000000000000000000e+00,-2.967475749480531777e-02
3.033333333333333215e+00,-3.411644273166396929e-02
3.066666666666666430e+00,-2.108424329937436548e-03
3.100000000000000089e+00,2.723844641606213909e-02
3.133333333333333304e+00,2.169344041813855636e-02
3.166666666666666519e+00,2.064355731820010503e-02
3.200000000000000178e+00,5.621697018315218591e-02
3.233333333333333393e+00,8.708799208676600012e-02
3.266666666666666607e+00,8.259008350177886315e-02
3.299999999999999822e+00,4.331647498180764971e-02
3.333333333333333481e+00,9.556406516040219165e-03
3.366666666666666696e+00,1.058115903285750808e-02
3.399999999999999911e+00,1.127228553146420419e-02
3.433333333333333126e+00,-1.887029244151267396e-02
3.466666666666666785e+00,-4.349665841101028885e-02
3.500000000000000000e+00,-3.332252125010148197e-02
3.533333333333333215e+00,-9.308718440119932366e-03
3.566666666666666430e+00,-6.719317313860943136e-03
3.600000000000000089e+00,-8.761261144295193204e-03
3.633333333333333304e+00,1.746662467978658123e-02
3.666666666666666519e+00,3.910981905406694936e-02
3.699999999999999734e+00,2.428752574334985467e-02
3.733333333333333393e+00,1.270693430395380269e-02
3.766666666666666607e+00,3.375382541181440321e-02
3.799999999999999822e+00,4.748132528822474052e-02
3.833333333333333481e+00,2.466540377948277935e-02
3.866666666666666696e+00,6.912933938075453699e-03
3.899999999999999911e+00,2.371782575014502736e-02
3.933333333333333126e+00,3.461195541133743614e-02
3.966666666666666785e+00,1.070346213270570793e-02
4.000000000000000000e+00,-8.306818903053727818e-03
4.033333333333333215e+00,9.010066792262089869e-03
4.066666666666666430e+00,2.433896323784924542e-02
4.099999999999999645e+00,6.745262499191400155e-03
4.133333333333332860e+00,-3.595866112554734623e-02
4.166666666666666963e+00,-6.635932034803368462e-02
4.200000000000000178e+00,-6.020819900538618152e-02
4.233333333333333393e+00,-5.855686478471669454e-02
4.266666666666666607e+00,-6.983244983681101414e-02
4.299999999999999822e+00,-5.987272724214413172e-02
4.333333333333333037e+00,-3.394754163276407499e-02
4.366666666666666252e+00,-2.674813199111432047e-02
4.400000000000000355e+00,-3.054420166527076902e-02
4.433333333333333570e+00,-1.245362897489291597e-02
4.466666666666666785e+00,5.949964757126341951e-04
4.500000000000000000e+00,-2.113654842392555591e-02
4.533333333333333215e+00,-3.754613666645462144e-02
4.566666666666666430e+00,-1.920222104234461241e-02
4.599999999999999645e+00,1.392667172760737003e-02
4.633333333333332860e+00,2.671953745152788953e-02
4.666666666666666963e+00,9.282545740166032316e-03
4.700000000000000178e+00,4.563313137281658203e-04
4.733333333333333393e+00,2.678429578305425995e-02
4.766666666666666607e+00,4.629799850087320395e-02
4.799999999999999822e+00,2.835236442445451116e-02
4.833333333333333037e+00,1.281103916488802834e-02
4.866666666666666252e+00,3.069508565863202781e-02
4.900000000000000355e+00,4.204665171520987482e-02
4.933333333333333570e+00,1.712897889020317810e-02
4.966666666666666785e+00,-5.428702782109872185e-03
5.000000000000000000e+00,5.125518121747698642e-03
5.033333333333333215e+00,1.311055515494545347e-02
5.066666666666666430e+00,-7.153507382113129254e-03
5.099999999999999645e+00,-2.090205728382939568e-02
5.133333333333332860e+00,-2.003751411553390989e-03
5.166666666666666963e+00,1.059111365719656028e-02
5.200000000000000178e+00,-1.150683108044860473e-02
5.233333333333333393e+00,-3.120444867700044103e-02
5.266666666666666607e+00,-1.959679131011725015e-02
5.299999999999999822e+00,2.240962922388766917e-02
5.333333333333333037e+00,5.817872200705073715e-02
5.366666666666666252e+00,5.672250516877818532e-02
5.400000000000000355e+00,2.033334777069832622e-02
5.433333333333333570e+00,-1.120120830170492562e-02
5.466666666666666785e+00,-8.213198392953610302e-03
5.500000000000000000e+00,2.159100914342962363e-02
5.533333333333333215e+00,4.077563798260105260e-02
5.566666666666666430e+00,2.491833683705387339e-02
5.599999999999999645e+00,1.269758195690796551e-02
5.633333333333332860e+00,3.761453708035934068e-02
5.666666666666666963e+00,6.175827780258558858e-02
5.700000000000000178e+00,5.290163458901612353e-02
5.733333333333333393e+00,9.219958736131328089e-03
5.766666666666666607e+00,-2.766998377495562267e-02
5.799999999999999822e+00,-2.619509826318024842e-02
5.833333333333333037e+00,-2.713920891283858397e-02
5.866666666666666252e+00,-6.335193549160968163e-02
5.900000000000000355e+00,-9.504313398551721137e-02
5.933333333333333570e+00,-9.064055681886080962e-02
5.966666666666666785e+00,-5.145795345096182416e-02
6.000000000000000000e+00,-1.575155094975057291e-02
6.033333333333333215e+00,-1.451492735483315456e-02
6.066666666666666430e+00,-1.224987672827969505e-02
6.099999999999999645e+00,1.813618753130952915e-02
6.133333333333332860e+00,4.224554068879934204e-02
6.166666666666666963e+00,3.259460353762503454e-02
6.200000000000000178e+00,1.769371253312108233e-02
6.233333333333333393e+00,3.017781874057991545e-02
6.266666666666666607e+00,3.982097674467548892e-02
6.299999999999999822e+00,1.621785688727433311e-02
6.333333333333333037e+00,-9.666233540154854425e-04
6.366666666666666252e+00,1.782538752369160207e-02
6.400000000000000355e+00,3.319879219698628620e-02
6.433333333333333570e+00,1.511041176737723708e-02
6.466666666666666785e+00,-6.898052667608069524e-03
6.500000000000000000e+00,-1.190078793735402504e-03
6.533333333333333215e+00,2.343802319010559587e-03
6.566666666666666430e+00,-2.610472401131620074e-02
6.599999999999999645e+00,-4.824835277045202292e-02
6.633333333333332860e+00,-3.542521854855629204e-02
6.666666666666666963e+00,-2.473297956390989663e-02
6.700000000000000178e+00,-4.610220971030834503e-02
6.733333333333333393e+00,-6.116275905416667519e-02
6.766666666666666607e+00,-4.044541471942549732e-02
6.799999999999999822e+00,-2.200015489082461292e-02
6.833333333333333037e+00,-3.714365513264272084e-02
6.866666666666666252e+00,-4.599920026115865423e-02
6.899999999999999467e+00,-1.704220785585993866e-02
6.933333333333333570e+00,9.185783866364465727e-03
6.966666666666666785e+00,-9.256324200525306448e-04
7.000000000000000000e+00,-6.448312568742235046e-03
7.033333333333333215e+00,2.627190264523230484e-02
7.066666666666666430e+00,5.451409437778065997e-02
7.099999999999999645e+00,4.615633149737202040e-02
7.133333333333332860e+00,4.228320557720727235e-02
7.166666666666666963e+00,6.866847888149682499e-02
7.200000000000000178e+00,8.553954282964874867e-02
7.233333333333333393e+00,6.747315846097109993e-02
7.266666666666666607e+00,3.565679854590094594e-02
7.299999999999999822e+00,2.296953927467072776e-02
7.333333333333333037e+00,2.075166589711440607e-02
7.366666666666666252e+00,-2.105517852594975849e-03
7.399999999999999467e+00,-2.094336889629916723e-02
7.433333333333333570e+00,-8.288412428606270477e-03
7.466666666666666785e+00,3.470893733446480810e-04
7.500000000000000000e+00,-2.298117189634122509e-02
7.533333333333333215e+00,-4.083335653602802873e-02
7.566666666666666430e+00,-2.411399660230256758e-02
7.599999999999999645e+00,-9.630100826915207260e-03
7.633333333333332860e+00,-2.803124870967508425e-02
7.666666666666666963e+00,-4.213072242096941450e-02
7.700000000000000178e+00,-2.166923448752597001e-02
7.733333333333333393e+00,-5.561526116281910112e-03
7.766666666666666607e+00,-2.304691767451789303e-02
7.799999999999999822e+00,-3.659855226512725296e-02
7.833333333333333037e+00,-1.592825186171852384e-02
7.866666666666666252e+00,3.108505413571633551e-04
7.899999999999999467e+00,-1.786967671735564117e-02
7.933333333333333570e+00,-3.164038531307453855e-02
7.966666666666666785e+00,-9.079755969724930681e-03
8.000000000000000000e+00,1.027940198445049039e-02
8.033333333333333215e+00,-5.320944902781747123e-03
8.066666666666666430e+00,-1.425624364265852019e-02
8.099999999999999645e+00,1.387378314751152447e-02
8.133333333333332860e+00,3.841004831384024765e-02
8.166666666666666075e+00,2.856063976513813218e-02
8.199999999999999289e+00,2.516339073190916251e-02
8.233333333333332504e+00,4.850531701947843194e-02
8.266666666666665719e+00,6.186311562188141766e-02
8.300000000000000711e+00,4.268701772660572769e-02
8.333333333333333925e+00,2.961469367643314310e-02
8.366666666666667140e+00,3.457818853054852454e-02
8.400000000000000355e+00,2.364993895071207386e-02
8.433333333333333570e+00,-1.795130972634915306e-02
8.466666666666666785e+00,-5.136833246685856141e-02
8.500000000000000000e+00,-4.829190803181743208e-02
8.533333333333333215e+00,-2.791899566857384413e-02
8.566666666666666430e+00,-2.639697288281275117e-02
8.599999999999999645e+00,-3.960667572368082451e-02
8.633333333333332860e+00,-3.173312679306729972e-02
8.666666666666666075e+00,-1.264494735328758682e-02
8.699999999999999289e+00,-1.689371777806289790e-02
8.733333333333332504e+00,-1.672429617899105075e-02
8.766666666666665719e+00,1.912874591028714336e-02
8.800000000000000711e+00,4.970748441068929824e-02
8.833333333333333925e+00,4.509104508373971976e-02
8.866666666666667140e+00,5.643089759913183165e-03
8.900000000000000355e+00,-2.900629752524895924e-02
8.933333333333333570e+00,-2.874673180158683269e-02
8.966666666666666785e+00,7.544105683470740675e-03
9.000000000000000000e+00,3.904379756357524017e-02
9.033333333333333215e+00,3.404174459571942396e-02
9.066666666666666430e+00,-4.305157703737244254e-03
9.099999999999999645e+00,-3.624562542072955196e-02
9.133333333333332860e+00,-3.558122251653974416e-02
9.166666666666666075e+00,-2.980907081477353598e-03
9.199999999999999289e+00,2.315112662216634032e-02
9.233333333333332504e+00,1.368273166491877461e-02
9.266666666666665719e+00,7.581091706173432102e-03
9.300000000000000711e+00,2.703428520932180459e-02
9.333333333333333925e+00,3.362174107584304378e-02
9.366666666666667140e+00,3.674534967969017574e-03
9.400000000000000355e+00,-2.384408110249432167e-02
9.433333333333333570e+00,-1.793388154033704815e-02
9.466666666666666785e+00,-1.847760017818035963e-02
9.500000000000000000e+00,-3.144913139979080285e-02
9.533333333333333215e+00,-2.295945665510482070e-02
9.566666666666666430e+00,-1.380876186897585407e-02
9.599999999999999645e+00,-3.720222072820359577e-02
9.633333333333332860e+00,-5.845559573496410949e-02
9.666666666666666075e+00,-4.607281557783212550e-02
9.699999999999999289e+00,3.553322757049888741e-04
9.733333333333332504e+00,4.017643857188837181e-02
9.766666666666665719e+00,4.358877199002216679e-02
9.800000000000000711e+00,1.394311139058800227e-02
9.833333333333333925e+00,-1.056985125095707100e-02
9.866666666666667140e+00,-1.963447500180822217e-03
9.900000000000000355e+00,2.444958811600947760e-02
9.933333333333333570e+00,3.269529712016643053e-02
9.966666666666666785e+00,4.532262553291198891e-03
1.000000000000000000e+01,-1.905089757689215624e-02
1.003333333333333321e+01,-7.460428675146119418e-03
1.006666666666666643e+01,1.235339631183150766e-02
1.009999999999999964e+01,7.728318614234446805e-03
1.013333333333333286e+01,8.966917180772603080e-03
1.016666666666666607e+01,4.224678137348125001e-02
1.019999999999999929e+01,6.942827145818240842e-02
1.023333333333333250e+01,6.363135912385116388e-02
1.026666666666666572e+01,2.281804662135981238e-02
1.030000000000000071e+01,-1.404512087550585653e-02
1.033333333333333393e+01,-1.597883592301213573e-02
1.036666666666666714e+01,2.580011132611815736e-03
1.040000000000000036e+01,4.304643108196312511e-03
1.043333333333333357e+01,-2.965396236526068527e-02
1.046666666666666679e+01,-5.903017595282331748e-02
1.050000000000000000e+01,-5.393685009693116594e-02
1.053333333333333321e+01,-1.616232095087393600e-02
1.056666666666666643e+01,1.602344286177640603e-02
1.059999999999999964e+01,1.286234120461749592e-02
1.063333333333333286e+01,6.053755216156039783e-05
1.066666666666666607e+01,1.246888008978406723e-02
1.069999999999999929e+01,2.107264522186576977e-02
1.073333333333333250e+01,-5.155705533265751879e-03
1.076666666666666572e+01,-2.854670240274355050e-02
1.080000000000000071e+01,-1.679988201924800806e-02
1.083333333333333393e+01,-8.158659777513425568e-03
1.086666666666666714e+01,-3.294619208720080128e-02
1.090000000000000036e+01,-5.272756265185991192e-02
1.093333333333333357e+01,-3.613373280654740699e-02
1.096666666666666679e+01,-8.187182797391970475e-04
1.100000000000000000e+01,1.839530644017490016e-02
1.103333333333333321e+01,4.899754611874596218e-03
1.106666666666666643e+01,-2.319120827058852429e-03
1.109999999999999964e+01,2.592944427833756421e-02
1.113333333333333286e+01,5.193225206003135308e-02
1.116666666666666607e+01,4.554319470039375206e-02
1.119999999999999929e+01,3.263881442047441434e-02
1.123333333333333250e+01,4.572983418671582728e-02
1.126666666666666572e+01,5.630513425624378288e-02
1.130000000000000071e+01,3.341375439126890307e-02
1.133333333333333393e+01,1.547744732443304995e-02
1.136666666666666714e+01,3.293812469178088870e-02
1.140000000000000036e+01,4.646804823570013787e-02
1.143333333333333357e+01,2.673708804299281330e-02
1.146666666666666679e+01,-1.253325827771293796e-02
1.150000000000000000e+01,-3.544151137378578897e-02
1.153333333333333321e+01,-2.295344920523725504e-02
1.156666666666666643e+01,-1.347708553752980862e-02
1.159999999999999964e+01,-3.785945432005609346e-02
1.163333333333333286e+01,-5.646034517705625366e-02
1.166666666666666607e+01,-3.865355931732547545e-02
1.169999999999999929e+01,-2.358193019883231961e-02
1.173333333333333250e+01,-4.278124735158334718e-02
1.176666666666666572e+01,-5.723710433483074345e-02
1.180000000000000071e+01,-3.591350822814749072e-02
1.183333333333333393e+01,-1.908177753815126429e-02
1.186666666666666714e+01,-3.661265955458974791e-02
1.190000000000000036e+01,-4.986052863280305419e-02
1.193333333333333357e+01,-2.820819350724671631e-02
1.196666666666666679e+01,-1.104040815539681156e-02
