0.000000000000000000e+00,-1.851055104698025658e-02
3.333333333333333287e-02,1.875803095611630611e-02
6.666666666666666574e-02,2.851254421248952675e-02
1.000000000000000056e-01,3.838101038913751401e-02
1.333333333333333315e-01,4.842231060928069153e-02
1.666666666666666574e-01,5.869849452840097265e-02
2.000000000000000111e-01,3.946859745979815898e-02
2.333333333333333370e-01,-1.474964154610347924e-02
2.666666666666666630e-01,-5.503839500887349606e-02
2.999999999999999889e-01,-6.756362341223381973e-02
3.333333333333333148e-01,-9.153736247881476273e-02
3.666666666666666408e-01,-1.151451196635839974e-01
4.000000000000000222e-01,-1.100057517196071782e-01
4.333333333333333481e-01,-1.181622185676567266e-01
4.666666666666666741e-01,-1.201732496582469251e-01
5.000000000000000000e-01,-6.680043902289947710e-02
5.333333333333333259e-01,-1.600139660722499704e-02
5.666666666666666519e-01,-2.234080715679625032e-02
5.999999999999999778e-01,-4.449787634351731053e-02
6.333333333333333037e-01,-2.467647583290297902e-02
6.666666666666666297e-01,1.459234611614244198e-02
6.999999999999999556e-01,1.689996557965682891e-02
7.333333333333332815e-01,-1.960760587502482707e-02
7.666666666666666075e-01,-4.358269676718835861e-02
8.000000000000000444e-01,-2.631307730357726124e-02
8.333333333333333703e-01,-6.348814692847474205e-03
8.666666666666666963e-01,-1.374570701337837070e-02
9.000000000000000222e-01,-1.792530571204751372e-02
9.333333333333333481e-01,2.109675359983120661e-03
9.666666666666666741e-01,2.967691352740967070e-02
1.000000000000000000e+00,4.370262501860314175e-02
1.033333333333333215e+00,2.456567760376216283e-02
1.066666666666666652e+00,1.873170230832391352e-03
1.100000000000000089e+00,1.663614938766531590e-02
1.133333333333333304e+00,5.365566685841868105e-02
1.166666666666666741e+00,6.434426471299269090e-02
1.199999999999999956e+00,3.166838002140244523e-02
1.233333333333333393e+00,3.988348630715689812e-03
1.266666666666666607e+00,1.620254588263254567e-02
1.300000000000000044e+00,2.434766753906210043e-02
1.333333333333333259e+00,2.354030403461626966e-03
1.366666666666666696e+00,-1.283805919154953207e-02
1.399999999999999911e+00,1.517220352000217282e-03
1.433333333333333348e+00,1.359735994061534413e-02
1.466666666666666563e+00,-4.539303512602701346e-03
1.500000000000000000e+00,-2.077740603544629694e-02
1.533333333333333215e+00,-8.600931696700224449e-03
1.566666666666666652e+00,2.264558081904411227e-02
1.600000000000000089e+00,3.920313329612690884e-02
1.633333333333333304e+00,1.874571342371071994e-02
1.666666666666666741e+00,-2.046509745592841982e-03
1.699999999999999956e+00,1.000114164791763953e-02
1.733333333333333393e+00,1.674025824565880671e-02
1.766666666666666607e+00,-5.933697571021128749e-03
1.800000000000000044e+00,-2.177186631170322656e-02
1.833333333333333259e+00,-3.614139538074969717e-03
1.866666666666666696e+00,8.249795774096731898e-03
1.899999999999999911e+00,-1.388220108896175142e-02
1.933333333333333348e+00,-3.031117839441856490e-02
1.966666666666666563e+00,-1.178598555808833652e-02
2.000000000000000000e+00,5.853867891748986731e-03
2.033333333333333215e+00,-6.440357199186408539e-03
2.066666666666666430e+00,-1.247893804839177168e-02
2.100000000000000089e+00,1.634935955374389530e-02
2.133333333333333304e+00,3.809370990393368822e-02
2.166666666666666519e+00,2.565457400832418453e-02
2.200000000000000178e+00,2.050247935195572205e-02
2.233333333333333393e+00,5.045885106149831240e-02
2.266666666666666607e+00,7.319411598152637810e-02
2.299999999999999822e+00,6.164419371159108457e-02
2.333333333333333481e+00,2.698077973618094594e-02
2.366666666666666696e+00,4.720279623209489191e-03
2.399999999999999911e+00,1.988836806929267578e-02
2.433333333333333126e+00,3.269321132808312991e-02
2.466666666666666785e+00,1.275774735045621076e-02
2.500000000000000000e+00,-3.312304756743413882e-03
2.533333333333333215e+00,7.245405851652673632e-03
2.566666666666666430e+00,8.038984226436488370e-03
2.600000000000000089e+00,-2.425659054967092484e-02
2.633333333333333304e+00,-5.030152073069563134e-02
2.666666666666666519e+00,-3.845841038016607760e-02
2.700000000000000178e+00,-2.926517570820042630e-02
2.733333333333333393e+00,-5.399705095525614285e-02
2.766666666666666607e+00,-7.269985125482886223e-02
2.799999999999999822e+00,-5.249709903784770260e-02
2.833333333333333481e+00,-3.483779991712045165e-02
2.866666666666666696e+00,-5.169163239208875854e-02
2.899999999999999911e+00,-6.179499104004102655e-02
2.933333333333333126e+00,-3.248172377817599293e-02
2.966666666666666785e+00,-5.759183643813141872e-03
3.000000000000000000e+00,-1.289780419162413726e-02
3.033333333333333215e+00,-1.345500626063401116e-02
3.066666666666666430e+00,2.408651296850307030e-02
3.100000000000000089e+00,5.920111293526320040e-02
3.133333333333333304e+00,6.219266147719345467e-02
3.166666666666666519e+00,3.227720923361681454e-02
3.200000000000000178e+00,7.930503587861905193e-03
3.233333333333333393e+00,2.088695819571469853e-02
3.266666666666666607e+00,3.469835420618638117e-02
3.299999999999999822e+00,1.278325428940856739e-02
3.333333333333333481e+00,-6.446940915604150620e-03
3.366666666666666696e+00,8.888268955572880756e-03
3.399999999999999911e+00,2.021783618610466932e-02
3.433333333333333126e+00,-3.802872803255961855e-03
3.466666666666666785e+00,-2.255032952734029039e-02
3.500000000000000000e+00,-6.984849935182745918e-03
3.533333333333333215e+00,2.008027546306625274e-03
3.566666666666666430e+00,-2.491190980820020759e-02
3.600000000000000089e+00,-4.737506862101901334e-02
3.633333333333333304e+00,-3.575178388041078126e-02
3.666666666666666519e+00,2.876711797050323857e-03
3.699999999999999734e+00,2.987732366328774494e-02
3.733333333333333393e+00,2.113433618018954047e-02
3.766666666666666607e+00,1.648972167329159147e-02
3.799999999999999822e+00,4.804517799419761453e-02
3.833333333333333481e+00,7.447973005761017451e-02
3.866666666666666696e+00,6.518133422605880412e-02
3.899999999999999911e+00,2.080757321129065099e-02
3.933333333333333126e+00,-1.799122084947538114e-02
3.966666666666666785e+00,-2.233167939393244580e-02
4.000000000000000000e+00,-5.835361398221035854e-03
4.033333333333333215e+00,-4.737297021937583383e-03
4.066666666666666430e+00,-3.798843977153783941e-02
4.099999999999999645e+00,-6.720552138918722829e-02
4.133333333333332860e+00,-6.334955235251084338e-02
4.166666666666666963e+00,-2.650542692906188852e-02
4.200000000000000178e+00,1.484642109604411260e-03
4.233333333333333393e+00,-7.213956767553659187e-03
4.266666666666666607e+00,-9.907729928042176629e-03
4.299999999999999822e+00,2.077303734487897027e-02
4.333333333333333037e+00,4.355622902005562569e-02
4.366666666666666252e+00,3.038187574558810777e-02
4.400000000000000355e+00,2.199770273860810268e-02
4.433333333333333570e+00,3.789911552569958514e-02
4.466666666666666785e+00,4.175517351632681423e-02
4.500000000000000000e+00,1.045996872367882004e-02
4.533333333333333215e+00,-1.539954187856542624e-02
4.566666666666666430e+00,-6.906038091683312612e-03
4.599999999999999645e+00,-4.556859405248024283e-03
4.633333333333332860e+00,-3.786445715564241976e-02
4.666666666666666963e+00,-6.895010747797096495e-02
4.700000000000000178e+00,-6.697986099386130099e-02
4.733333333333333393e+00,-3.206667965371869100e-02
4.766666666666666607e+00,-3.826878723094900066e-03
4.799999999999999822e+00,-1.419280167803672367e-02
4.833333333333333037e+00,-2.215530759948464504e-02
4.866666666666666252e+00,3.346206233008788920e-03
4.900000000000000355e+00,2.216196893968253381e-02
4.933333333333333570e+00,2.525247551412649043e-03
4.966666666666666785e+00,-1.469226181254603206e-02
5.000000000000000000e+00,8.782136655116756915e-04
5.033333333333333215e+00,1.016252147966283624e-02
5.066666666666666430e+00,-2.288427430957504487e-03
5.099999999999999645e+00,-5.247053696009018435e-04
5.133333333333332860e+00,3.331789324682802450e-02
5.166666666666666963e+00,6.057044927820650487e-02
5.200000000000000178e+00,5.065052074895400741e-02
5.233333333333333393e+00,3.756737348763111717e-02
5.266666666666666607e+00,5.194960647175037027e-02
5.299999999999999822e+00,6.214845585858502774e-02
5.333333333333333037e+00,3.650758010102408968e-02
5.366666666666666252e+00,1.587216911989746543e-02
5.400000000000000355e+00,3.421312171177081501e-02
5.433333333333333570e+00,5.007037774641296540e-02
5.466666666666666785e+00,3.332276056701014705e-02
5.500000000000000000e+00,-1.808134638211217338e-02
5.533333333333333215e+00,-6.364759757296171994e-02
5.566666666666666430e+00,-7.464912806876008999e-02
5.599999999999999645e+00,-5.168461181700174240e-02
5.633333333333332860e+00,-3.346030996575628108e-02
5.666666666666666963e+00,-4.854138125297476763e-02
5.700000000000000178e+00,-5.956476054519242030e-02
5.733333333333333393e+00,-3.966291403021323519e-02
5.766666666666666607e+00,-2.641243926951712673e-02
5.799999999999999822e+00,-5.092332812195016212e-02
5.833333333333333037e+00,-7.292946590100894688e-02
5.866666666666666252e+00,-6.108724450961622310e-02
5.900000000000000355e+00,-1.696562851510855299e-02
5.933333333333333570e+00,1.709127066326636066e-02
5.966666666666666785e+00,1.694932851229434545e-02
6.000000000000000000e+00,2.339831679241077128e-02
6.033333333333333215e+00,5.027881140722298414e-02
6.066666666666666430e+00,6.060006956863241839e-02
6.099999999999999645e+00,3.631117772434209329e-02
6.133333333333332860e+00,1.561834418058610958e-02
6.166666666666666963e+00,2.856211894209873675e-02
6.200000000000000178e+00,3.758549563103798230e-02
6.233333333333333393e+00,1.170603809766483649e-02
6.266666666666666607e+00,-1.156333766054229960e-02
6.299999999999999822e+00,-2.881536729528912620e-03
6.333333333333333037e+00,-1.430508805057979197e-04
6.366666666666666252e+00,-1.728804751609040388e-02
6.400000000000000355e+00,-1.886134897543555872e-02
6.433333333333333570e+00,1.146300448554922122e-02
6.466666666666666785e+00,3.592450069874611462e-02
6.500000000000000000e+00,2.386569069916895033e-02
6.533333333333333215e+00,1.413766477390561264e-02
6.566666666666666430e+00,3.720606277580888743e-02
6.599999999999999645e+00,5.357125171751039167e-02
6.633333333333332860e+00,3.125168653921728962e-02
6.666666666666666963e+00,1.151098906489535396e-02
6.700000000000000178e+00,2.574319053212251185e-02
6.733333333333333393e+00,3.319367709697512714e-02
6.766666666666666607e+00,1.481515889893279597e-03
6.799999999999999822e+00,-2.749727323933104026e-02
6.833333333333333037e+00,-2.252474709702041028e-02
6.866666666666666252e+00,-2.390201155733417265e-02
6.899999999999999467e+00,-6.347175038905641942e-02
6.933333333333333570e+00,-1.004575764789985698e-01
6.966666666666666785e+00,-1.046416666736754431e-01
7.000000000000000000e+00,-7.596549287867314371e-02
7.033333333333333215e+00,-5.382519307727481883e-02
7.066666666666666430e+00,-6.102761951937235585e-02
7.099999999999999645e+00,-6.164388813783470977e-02
7.133333333333332860e+00,-2.926595023131417506e-02
7.166666666666666963e+00,-1.269679033940403776e-03
7.200000000000000178e+00,-1.039078200360599516e-02
7.233333333333333393e+00,-2.042259480564238838e-02
7.266666666666666607e+00,3.773765015701500535e-03
7.299999999999999822e+00,5.625375462311396624e-02
7.333333333333333037e+00,9.754429197520482486e-02
7.366666666666666252e+00,1.017107937439532261e-01
7.399999999999999467e+00,6.891964583942865319e-02
7.433333333333333570e+00,3.787374952298508402e-02
7.466666666666666785e+00,3.968734474862937317e-02
7.500000000000000000e+00,5.926358518135220466e-02
7.533333333333333215e+00,6.044381802467797826e-02
7.566666666666666430e+00,2.325256959570954143e-02
7.599999999999999645e+00,-1.138310986068276874e-02
7.633333333333332860e+00,-1.260734475721396464e-02
7.666666666666666963e+00,1.874100341097714381e-02
7.700000000000000178e+00,4.206564947151834877e-02
7.733333333333333393e+00,2.858534809092045867e-02
7.766666666666666607e+00,1.256194274722434272e-02
7.799999999999999822e+00,2.504276903729305351e-02
7.833333333333333037e+00,2.979321103362082834e-02
7.866666666666666252e+00,-2.230691733614879706e-03
7.899999999999999467e+00,-3.162211170456299264e-02
7.933333333333333570e+00,-2.826751410087260941e-02
7.966666666666666785e+00,-3.235785504013066055e-02
8.000000000000000000e+00,-4.601304633515436449e-02
8.033333333333333215e+00,-3.631943786389082995e-02
8.066666666666666430e+00,-3.311677992808005622e-02
8.099999999999999645e+00,-4.698008613064467986e-02
8.133333333333332860e+00,-4.287807942776408754e-02
8.166666666666666075e+00,-7.256603682997288425e-03
8.199999999999999289e+00,2.194272679720759428e-02
8.233333333333332504e+00,1.592430388712317083e-02
8.266666666666665719e+00,7.504175949746666810e-03
8.300000000000000711e+00,2.572242563090346504e-02
8.333333333333333925e+00,3.775752641376734636e-02
8.366666666666667140e+00,1.536552792728957707e-02
8.400000000000000355e+00,-4.062067410208257921e-03
8.433333333333333570e+00,8.718223353116848900e-03
8.466666666666666785e+00,1.520088393469210680e-02
8.500000000000000000e+00,-1.695497983330927771e-02
8.533333333333333215e+00,-4.554386638699163548e-02
8.566666666666666430e+00,-3.925526111876369989e-02
8.599999999999999645e+00,-1.403078066648589389e-02
8.633333333333332860e+00,-7.359477204161561474e-03
8.666666666666666075e+00,-3.119455844919965734e-02
8.699999999999999289e+00,-4.713535561202486512e-02
8.733333333333332504e+00,-3.037902960133711042e-02
8.766666666666665719e+00,-9.331795929408906107e-03
8.800000000000000711e+00,-1.657606689201347738e-02
8.833333333333333925e+00,-2.320322258969713738e-02
8.866666666666667140e+00,5.564687396880465577e-03
8.900000000000000355e+00,3.005492970218743773e-02
8.933333333333333570e+00,2.009221416853551948e-02
8.966666666666666785e+00,1.759204159753294944e-02
9.000000000000000000e+00,5.207647638576878152e-02
9.033333333333333215e+00,8.537281670067890793e-02
9.066666666666666430e+00,8.322223012308670176e-02
9.099999999999999645e+00,4.651746440792298154e-02
9.133333333333332860e+00,1.372171311604900544e-02
9.166666666666666075e+00,1.251065828820071939e-02
9.199999999999999289e+00,4.908610783349173605e-03
9.233333333333332504e+00,-2.094890001701293566e-02
9.266666666666665719e+00,-2.940105150842741571e-02
9.300000000000000711e+00,-4.181069249847851541e-03
9.333333333333333925e+00,1.474278498137181377e-02
9.366666666666667140e+00,-4.412643381293249525e-03
9.400000000000000355e+00,-2.115591670357647169e-02
9.433333333333333570e+00,-5.762481633076002932e-03
9.466666666666666785e+00,3.255150088841282478e-03
9.500000000000000000e+00,-2.237852340708766305e-02
9.533333333333333215e+00,-4.467179097374467805e-02
9.566666666666666430e+00,-3.321491838689150100e-02
9.599999999999999645e+00,-2.667765021274139461e-02
9.633333333333332860e+00,-3.916128309421580689e-02
9.666666666666666075e+00,-3.678036047392446717e-02
9.699999999999999289e+00,-3.491786401186649635e-03
9.733333333333332504e+00,2.306753496105466705e-02
9.766666666666665719e+00,1.128769642010588221e-02
9.800000000000000711e+00,4.240688602190516472e-03
9.833333333333333925e+00,3.244283998431035654e-02
9.866666666666667140e+00,5.602823554328219963e-02
9.900000000000000355e+00,4.556102906181196815e-02
9.933333333333333570e+00,1.425424903072324521e-02
9.966666666666666785e+00,1.593342535924402491e-04
1.000000000000000000e+01,2.281653472664973981e-02
1.003333333333333321e+01,4.360646357923403382e-02
1.006666666666666643e+01,3.065700122454662752e-02
1.009999999999999964e+01,-1.330045905622384214e-02
1.013333333333333286e+01,-4.893992723853029386e-02
1.016666666666666607e+01,-4.876005712594722735e-02
1.019999999999999929e+01,-2.356399292949611091e-02
1.023333333333333250e+01,-7.311936285379576524e-03
1.026666666666666572e+01,-2.662880112943226754e-02
1.030000000000000071e+01,-4.255794580651797027e-02
1.033333333333333393e+01,-2.405552285810303240e-02
1.036666666666666714e+01,-1.163875795249036046e-02
1.040000000000000036e+01,-3.543454993221342025e-02
1.043333333333333357e+01,-5.693338791284984629e-02
1.046666666666666679e+01,-4.588374950593080565e-02
1.050000000000000000e+01,-4.135816092571421507e-03
1.053333333333333321e+01,3.366732319986354138e-02
1.056666666666666643e+01,3.720612836686106040e-02
1.059999999999999964e+01,1.401896648566685298e-02
1.063333333333333286e+01,2.249490786889409358e-03
1.066666666666666607e+01,2.621015681859804880e-02
1.069999999999999929e+01,4.510705112871556816e-02
1.073333333333333250e+01,2.958169795505383864e-02
1.076666666666666572e+01,1.825071763172682673e-02
1.080000000000000071e+01,4.222961395608876983e-02
1.083333333333333393e+01,6.231796772932018946e-02
1.086666666666666714e+01,4.782029593069414553e-02
1.090000000000000036e+01,8.102842526321383035e-03
1.093333333333333357e+01,-1.801944424756482185e-02
1.096666666666666679e+01,-6.766294042207293170e-03
1.100000000000000000e+01,1.300081187008584856e-03
1.103333333333333321e+01,-2.292839023065230269e-02
1.106666666666666643e+01,-4.063875653764469770e-02
1.109999999999999964e+01,-2.157475365285872401e-02
1.113333333333333286e+01,-4.846035043011397668e-03
1.116666666666666607e+01,-1.910640155971729190e-02
1.119999999999999929e+01,-2.755869732968061966e-02
1.123333333333333250e+01,-1.015399183599129552e-03
1.126666666666666572e+01,2.348482501342780832e-02
1.130000000000000071e+01,1.716511340330333785e-02
1.133333333333333393e+01,-1.353702811297192998e-02
1.136666666666666714e+01,-3.186704940759876870e-02
1.140000000000000036e+01,-1.478200805267411433e-02
1.143333333333333357e+01,2.358528829126303402e-04
1.146666666666666679e+01,-1.818072063966885005e-02
1.150000000000000000e+01,-3.076220395085457054e-02
1.153333333333333321e+01,-7.201166285663870327e-03
1.156666666666666643e+01,1.236451683956057979e-02
1.159999999999999964e+01,-2.305011554737993861e-03
1.163333333333333286e+01,-1.057053291512678565e-02
1.166666666666666607e+01,1.920014697352467187e-02
1.169999999999999929e+01,4.561413641319310430e-02
1.173333333333333250e+01,3.810609358750517012e-02
1.176666666666666572e+01,4.020736124132989926e-03
1.180000000000000071e+01,-1.687815876977798168e-02
1.183333333333333393e+01,-1.045574665742165241e-03
1.186666666666666714e+01,1.145722628113365893e-02
1.190000000000000036e+01,-8.591412668279330839e-03
1.193333333333333357e+01,-2.036338171221520332e-02
1.196666666666666679e+01,4.586680232173231259e-03
