0.000000000000000000e+00,-1.527075660827133252e-02
3.333333333333333287e-02,1.849392884944017421e-02
6.666666666666666574e-02,5.162188403125091835e-02
1.000000000000000056e-01,1.241507277365610368e-01
1.333333333333333315e-01,2.355634963482971522e-01
1.666666666666666574e-01,3.851682868445223118e-01
2.000000000000000111e-01,5.089253900054440116e-01
2.333333333333333370e-01,5.875766453663655575e-01
2.666666666666666630e-01,6.425288839979569344e-01
2.999999999999999889e-01,6.822904402136297231e-01
3.333333333333333148e-01,7.062985602998761436e-01
3.666666666666666408e-01,7.075230375407025596e-01
4.000000000000000222e-01,6.761027404830768361e-01
4.333333333333333481e-01,6.029405950077734166e-01
4.666666666666666741e-01,4.938053723753422219e-01
5.000000000000000000e-01,3.613063817720716941e-01
5.333333333333333259e-01,2.153016681822111367e-01
5.666666666666666519e-01,6.337997352123889150e-02
5.999999999999999778e-01,-8.824168652707842231e-02
6.333333333333333037e-01,-2.365286598803578166e-01
6.666666666666666297e-01,-3.753373509877444003e-01
6.999999999999999556e-01,-4.969237431311721020e-01
7.333333333333332815e-01,-5.915331103347719610e-01
7.666666666666666075e-01,-6.591378388673962974e-01
8.000000000000000444e-01,-7.042799916503055258e-01
8.333333333333333703e-01,-7.208496518867310021e-01
8.666666666666666963e-01,-6.998710761445906536e-01
9.000000000000000222e-01,-6.469315553477427150e-01
9.333333333333333481e-01,-5.731962949459615819e-01
9.666666666666666741e-01,-4.885233316731713016e-01
1.000000000000000000e+00,-4.027072642400236768e-01
1.033333333333333215e+00,-3.233484675293815669e-01
1.066666666666666652e+00,-2.454632512243583309e-01
1.100000000000000089e+00,-1.604983947721257964e-01
1.133333333333333304e+00,-7.342872691733828838e-02
1.166666666666666741e+00,6.137736082241452770e-03
1.199999999999999956e+00,6.838488298765524331e-02
1.233333333333333393e+00,1.141249565375001274e-01
1.266666666666666607e+00,1.498690480274457171e-01
1.300000000000000044e+00,1.697295307528200736e-01
1.333333333333333259e+00,1.641821660618928980e-01
1.366666666666666696e+00,1.384134998418699303e-01
1.399999999999999911e+00,1.038077393001478749e-01
1.433333333333333348e+00,7.021165126817024982e-02
1.466666666666666563e+00,3.963287642010879241e-02
1.500000000000000000e+00,5.689236779393883059e-03
1.533333333333333215e+00,-2.609285485418938802e-02
1.566666666666666652e+00,-4.748736356809069720e-02
1.600000000000000089e+00,-6.430541315388202395e-02
1.633333333333333304e+00,-8.581071505661937160e-02
1.666666666666666741e+00,-1.058022768726497587e-01
1.699999999999999956e+00,-1.159689137303614448e-01
1.733333333333333393e+00,-1.223270713748019350e-01
1.766666666666666607e+00,-1.338941104720580144e-01
1.800000000000000044e+00,-1.445879512654720811e-01
1.833333333333333259e+00,-1.448985837241130725e-01
1.866666666666666696e+00,-1.331526761898711997e-01
1.899999999999999911e+00,-1.185428577861024624e-01
1.933333333333333348e+00,-1.098518920702181295e-01
1.966666666666666563e+00,-1.012874741681211027e-01
2.000000000000000000e+00,-8.345594360963107250e-02
2.033333333333333215e+00,-6.275854419949422613e-02
2.066666666666666430e+00,-4.812832747148732687e-02
2.100000000000000089e+00,-3.357801901379753318e-02
2.133333333333333304e+00,-9.551650764987063350e-03
2.166666666666666519e+00,1.719468840078967886e-02
2.200000000000000178e+00,3.736790678811501010e-02
2.233333333333333393e+00,5.507733338900475117e-02
2.266666666666666607e+00,7.912991434089840237e-02
2.299999999999999822e+00,1.028184975571505566e-01
2.333333333333333481e+00,1.158516574084775402e-01
2.366666666666666696e+00,1.152687431147802755e-01
2.399999999999999911e+00,1.099569142730669746e-01
2.433333333333333126e+00,1.098310797348539952e-01
2.466666666666666785e+00,1.092536911769818320e-01
2.500000000000000000e+00,9.979527744985902671e-02
2.533333333333333215e+00,8.813244232440280157e-02
2.566666666666666430e+00,8.368967325723730699e-02
2.600000000000000089e+00,8.094824924676391475e-02
2.633333333333333304e+00,7.107977167110859917e-02
2.666666666666666519e+00,5.752130957886197882e-02
2.700000000000000178e+00,4.862267202647609088e-02
2.733333333333333393e+00,3.902694233788021189e-02
2.766666666666666607e+00,2.065494300913988876e-02
2.799999999999999822e+00,-2.670365148244209508e-04
2.833333333333333481e+00,-1.440603209901059750e-02
2.866666666666666696e+00,-2.714512341595272382e-02
2.899999999999999911e+00,-4.664204813053866167e-02
2.933333333333333126e+00,-6.624680133686802752e-02
2.966666666666666785e+00,-7.650761524892725485e-02
3.000000000000000000e+00,-8.298107550799646570e-02
3.033333333333333215e+00,-9.396386402401162019e-02
3.066666666666666430e+00,-1.025547037806437412e-01
3.100000000000000089e+00,-9.911375743700873153e-02
3.133333333333333304e+00,-8.946893428222939260e-02
3.166666666666666519e+00,-8.229754584972841236e-02
3.200000000000000178e+00,-7.221598605159670892e-02
3.233333333333333393e+00,-4.971297741715051399e-02
3.266666666666666607e+00,-2.071860284572536043e-02
3.299999999999999822e+00,3.547498531742822141e-03
3.333333333333333481e+00,1.354393549259667873e-02
3.366666666666666696e+00,1.598149462746595306e-02
3.399999999999999911e+00,2.022961260688774937e-02
3.433333333333333126e+00,2.184232118091688699e-02
3.466666666666666785e+00,1.211749096507116694e-02
3.500000000000000000e+00,-2.018456941691204251e-03
3.533333333333333215e+00,-1.041393347199960281e-02
3.566666666666666430e+00,-1.245960548221427579e-02
3.600000000000000089e+00,-1.592849508260473987e-02
3.633333333333333304e+00,-1.728830634442656694e-02
3.666666666666666519e+00,-8.743450505591224969e-03
3.699999999999999734e+00,3.548960177906014014e-03
3.733333333333333393e+00,9.994198310459147250e-03
3.766666666666666607e+00,1.568315382171060757e-02
3.799999999999999822e+00,2.897029318255404939e-02
3.833333333333333481e+00,4.342076131065079891e-02
3.866666666666666696e+00,4.957809312026536380e-02
3.899999999999999911e+00,5.280358565673527738e-02
3.933333333333333126e+00,6.238683598986316525e-02
3.966666666666666785e+00,7.173847457258290816e-02
4.000000000000000000e+00,7.226590376100164304e-02
4.033333333333333215e+00,7.040446984395487551e-02
4.066666666666666430e+00,7.551058377613495409e-02
4.099999999999999645e+00,8.193277976830506959e-02
4.133333333333332860e+00,7.946103567700794901e-02
4.166666666666666963e+00,6.364831889017365241e-02
4.200000000000000178e+00,4.165443343004090332e-02
4.233333333333333393e+00,2.287321269141651126e-02
4.266666666666666607e+00,2.376459709688347622e-03
4.299999999999999822e+00,-2.014197806797557791e-02
4.333333333333333037e+00,-3.711437687159131749e-02
4.366666666666666252e+00,-4.639963881251989164e-02
4.400000000000000355e+00,-5.543340949782395166e-02
4.433333333333333570e+00,-6.426273567009413434e-02
4.466666666666666785e+00,-6.634913599610918478e-02
4.500000000000000000e+00,-6.742665761935770496e-02
4.533333333333333215e+00,-7.669071068517026302e-02
4.566666666666666430e+00,-8.757958448766324511e-02
4.599999999999999645e+00,-9.030160451228540219e-02
4.633333333333332860e+00,-8.349612392273358941e-02
4.666666666666666963e+00,-7.583311784926802246e-02
4.700000000000000178e+00,-7.389634540564390952e-02
4.733333333333333393e+00,-7.131365334586727001e-02
4.766666666666666607e+00,-5.965974838436564204e-02
4.799999999999999822e+00,-4.547547336325151457e-02
4.833333333333333037e+00,-3.844222829457517171e-02
4.866666666666666252e+00,-3.306779787686790067e-02
4.900000000000000355e+00,-2.092735692573874720e-02
4.933333333333333570e+00,-8.727683512187165912e-03
4.966666666666666785e+00,-6.135834585206792480e-03
5.000000000000000000e+00,-7.538576333445620899e-03
5.033333333333333215e+00,-4.327023530727292996e-03
5.066666666666666430e+00,-1.440831415744344389e-03
5.099999999999999645e+00,-5.896514669690640885e-03
5.133333333333332860e+00,-1.146288277413062308e-02
5.166666666666666963e+00,-9.669934850742826701e-03
5.200000000000000178e+00,-7.170454110501917229e-03
5.233333333333333393e+00,-1.364075636872311495e-02
5.266666666666666607e+00,-2.344262055367236572e-02
5.299999999999999822e+00,-2.595750509334044873e-02
5.333333333333333037e+00,-1.390751870413691263e-02
5.366666666666666252e+00,5.719430342030240241e-03
5.400000000000000355e+00,2.110660280954986673e-02
5.433333333333333570e+00,2.373182820126170864e-02
5.466666666666666785e+00,1.960152542397998812e-02
5.500000000000000000e+00,1.930762154955321941e-02
5.533333333333333215e+00,2.949224188338185615e-02
5.566666666666666430e+00,4.217836997059089266e-02
5.599999999999999645e+00,4.838642739112890973e-02
5.633333333333332860e+00,5.462142711673804996e-02
5.666666666666666963e+00,7.039806252972347078e-02
5.700000000000000178e+00,9.046940152206051078e-02
5.733333333333333393e+00,1.040136870715304279e-01
5.766666666666666607e+00,1.025641691857688970e-01
5.799999999999999822e+00,9.294857282137000687e-02
5.833333333333333037e+00,8.487289905680502067e-02
5.866666666666666252e+00,7.270344938963667347e-02
5.900000000000000355e+00,4.800940040182353347e-02
5.933333333333333570e+00,1.650679652752340756e-02
5.966666666666666785e+00,-9.748267791836325372e-03
6.000000000000000000e+00,-2.202566807393628590e-02
6.033333333333333215e+00,-2.603922741498874635e-02
6.066666666666666430e+00,-3.077018834251562737e-02
6.099999999999999645e+00,-3.121087733671209716e-02
6.133333333333332860e+00,-2.147112886839041071e-02
6.166666666666666963e+00,-7.677752745825317665e-03
6.200000000000000178e+00,1.342951016032283354e-03
6.233333333333333393e+00,7.913904848083408439e-03
6.266666666666666607e+00,1.950074387708534973e-02
6.299999999999999822e+00,3.065109363212247320e-02
6.333333333333333037e+00,3.334538977371263868e-02
6.366666666666666252e+00,3.416046665794943149e-02
6.400000000000000355e+00,4.221199725991547219e-02
6.433333333333333570e+00,5.182426738573879532e-02
6.466666666666666785e+00,5.388598549849581143e-02
6.500000000000000000e+00,5.107948595770336192e-02
6.533333333333333215e+00,5.168685937114568529e-02
6.566666666666666430e+00,5.022884545143507101e-02
6.599999999999999645e+00,3.842503015059302307e-02
6.633333333333332860e+00,2.295754786845918827e-02
6.666666666666666963e+00,1.323975984503678559e-02
6.700000000000000178e+00,3.770927904600341121e-03
6.733333333333333393e+00,-1.351733036738514589e-02
6.766666666666666607e+00,-3.205389665881115679e-02
6.799999999999999822e+00,-4.279885296638939046e-02
6.833333333333333037e+00,-5.123574188609172214e-02
6.866666666666666252e+00,-6.520881072558995517e-02
6.899999999999999467e+00,-7.837259730465256924e-02
6.933333333333333570e+00,-8.189797265580187058e-02
6.966666666666666785e+00,-8.126451652009161752e-02
7.000000000000000000e+00,-8.420132882476247249e-02
7.033333333333333215e+00,-8.452803440183792594e-02
7.066666666666666430e+00,-7.322031932859272840e-02
7.099999999999999645e+00,-5.680881328989691864e-02
7.133333333333332860e+00,-4.354788589244087266e-02
7.166666666666666963e+00,-2.769174302907421309e-02
7.200000000000000178e+00,-2.688592995224549538e-03
7.233333333333333393e+00,2.371993888024226393e-02
7.266666666666666607e+00,4.220729175885400836e-02
7.299999999999999822e+00,5.205222407288522674e-02
7.333333333333333037e+00,6.075324563977443915e-02
7.366666666666666252e+00,6.777539894275193266e-02
7.399999999999999467e+00,6.524425037986736342e-02
7.433333333333333570e+00,5.930302408532944769e-02
7.466666666666666785e+00,5.862213556125717151e-02
7.500000000000000000e+00,5.770760591918216303e-02
7.533333333333333215e+00,4.799621244158350231e-02
7.566666666666666430e+00,3.579778890437379513e-02
7.599999999999999645e+00,3.016574962923320238e-02
7.633333333333332860e+00,2.560685322863617136e-02
7.666666666666666963e+00,1.421070274287400056e-02
7.700000000000000178e+00,1.969046899908803196e-03
7.733333333333333393e+00,-2.053330007743145880e-03
7.766666666666666607e+00,-4.536974115581111563e-03
7.799999999999999822e+00,-1.400961307818414034e-02
7.833333333333333037e+00,-2.434888147183635401e-02
7.866666666666666252e+00,-2.671396199404987848e-02
7.899999999999999467e+00,-2.794503586589046698e-02
7.933333333333333570e+00,-3.622984463927333976e-02
7.966666666666666785e+00,-4.526463710759881520e-02
8.000000000000000000e+00,-4.608214961395753345e-02
8.033333333333333215e+00,-4.437910545449601923e-02
8.066666666666666430e+00,-4.816523510005960018e-02
8.099999999999999645e+00,-5.104234688243479423e-02
8.133333333333332860e+00,-4.409817408514242476e-02
8.166666666666666075e+00,-3.251270445184530067e-02
8.199999999999999289e+00,-2.424676173125387552e-02
8.233333333333332504e+00,-1.375367608961584887e-02
8.266666666666665719e+00,4.383334644822764643e-03
8.300000000000000711e+00,2.352390603693422719e-02
8.333333333333333925e+00,3.581428923540337650e-02
8.366666666666667140e+00,4.624628441184213540e-02
8.400000000000000355e+00,5.718112290565735556e-02
8.433333333333333570e+00,6.116782194782619669e-02
8.466666666666666785e+00,5.100597516971482059e-02
8.500000000000000000e+00,3.363385175777206665e-02
8.533333333333333215e+00,1.980719958978787582e-02
8.566666666666666430e+00,1.141942556890159985e-02
8.599999999999999645e+00,1.600254902771375406e-03
8.633333333333332860e+00,-1.128920611592086967e-02
8.666666666666666075e+00,-1.952756597909951694e-02
8.699999999999999289e+00,-2.347408437553208729e-02
8.733333333333332504e+00,-2.952025166655553035e-02
8.766666666666665719e+00,-3.193979357715881484e-02
8.800000000000000711e+00,-2.172927113480764907e-02
8.833333333333333925e+00,-5.333555310163543527e-03
8.866666666666667140e+00,6.175700005537883633e-03
8.900000000000000355e+00,3.632878090735522369e-03
8.933333333333333570e+00,-6.419844217621231003e-03
8.966666666666666785e+00,-1.277231339844246347e-02
9.000000000000000000e+00,-6.265790620644615810e-03
9.033333333333333215e+00,6.720607524189088806e-03
9.066666666666666430e+00,1.532019005091551228e-02
9.099999999999999645e+00,1.063046299419439025e-02
9.133333333333332860e+00,-1.776390455351218190e-03
9.166666666666666075e+00,-1.078107230847666874e-02
9.199999999999999289e+00,-8.148443030289709982e-03
9.233333333333332504e+00,-8.140232933179096563e-04
9.266666666666665719e+00,2.200029776472393808e-03
9.300000000000000711e+00,6.188673538794631744e-03
9.333333333333333925e+00,1.653502900578525045e-02
9.366666666666667140e+00,2.536146765205093273e-02
9.400000000000000355e+00,2.296031285364914798e-02
9.433333333333333570e+00,1.498216731130643659e-02
9.466666666666666785e+00,9.858332047338333806e-03
9.500000000000000000e+00,2.347042708958368279e-03
9.533333333333333215e+00,-7.814429177069995291e-03
9.566666666666666430e+00,-1.375207723970596138e-02
9.599999999999999645e+00,-1.999057385723917307e-02
9.633333333333332860e+00,-3.518071053559232442e-02
9.666666666666666075e+00,-5.356523403252418103e-02
9.699999999999999289e+00,-6.436941490693950940e-02
9.733333333333332504e+00,-5.923543004265619666e-02
9.766666666666665719e+00,-4.479527245151369158e-02
9.800000000000000711e+00,-3.290451076521254403e-02
9.833333333333333925e+00,-3.162008620869567743e-02
9.866666666666667140e+00,-3.501177419474640895e-02
9.900000000000000355e+00,-3.297118900114838491e-02
9.933333333333333570e+00,-2.344447760885851051e-02
9.966666666666666785e+00,-1.481054013367587990e-02
1.000000000000000000e+01,-1.644998624620994457e-02
1.003333333333333321e+01,-2.167351356801199003e-02
1.006666666666666643e+01,-2.134475876189727631e-02
1.009999999999999964e+01,-1.689888797362769368e-02
1.013333333333333286e+01,-1.524546579809548524e-02
1.016666666666666607e+01,-9.848332810030478029e-03
1.019999999999999929e+01,7.608982410588887788e-03
1.023333333333333250e+01,3.044706661940652787e-02
1.026666666666666572e+01,4.773624154639732886e-02
1.030000000000000071e+01,5.024524382791921429e-02
1.033333333333333393e+01,4.450976884320203414e-02
1.036666666666666714e+01,4.088250544900336181e-02
1.040000000000000036e+01,4.244377847334015325e-02
1.043333333333333357e+01,4.044139775467450043e-02
1.046666666666666679e+01,2.657846380867711494e-02
1.050000000000000000e+01,6.873725553931736218e-03
1.053333333333333321e+01,-7.443023713196609409e-03
1.056666666666666643e+01,-7.976762639660529494e-03
1.059999999999999964e+01,-1.964183947353173327e-03
1.063333333333333286e+01,7.735192065153074234e-04
1.066666666666666607e+01,1.392851329257976858e-03
1.069999999999999929e+01,7.739608977033169031e-03
1.073333333333333250e+01,1.309804056907152084e-02
1.076666666666666572e+01,8.488756160250084115e-03
1.080000000000000071e+01,-8.201980979288337262e-05
1.083333333333333393e+01,-3.111935127540257570e-03
1.086666666666666714e+01,-7.190185488886067892e-03
1.090000000000000036e+01,-2.058596869379394206e-02
1.093333333333333357e+01,-3.694182058587316270e-02
1.096666666666666679e+01,-4.538231475149043931e-02
1.100000000000000000e+01,-4.291689253805902604e-02
1.103333333333333321e+01,-3.751178150005513023e-02
1.106666666666666643e+01,-3.752298147967600417e-02
1.109999999999999964e+01,-3.628187709773054992e-02
1.113333333333333286e+01,-2.433370154833229201e-02
1.116666666666666607e+01,-7.234538678656927957e-03
1.119999999999999929e+01,6.063363233688230658e-03
1.123333333333333250e+01,1.726161302794468680e-02
1.126666666666666572e+01,3.393426102609214956e-02
1.130000000000000071e+01,5.062650762920910957e-02
1.133333333333333393e+01,5.896781161888625666e-02
1.136666666666666714e+01,6.455579347264112089e-02
1.140000000000000036e+01,7.693750350648054237e-02
1.143333333333333357e+01,9.064918318028243605e-02
1.146666666666666679e+01,9.539985898527064689e-02
1.150000000000000000e+01,8.770665509313660402e-02
1.153333333333333321e+01,7.632343505756190860e-02
1.156666666666666643e+01,7.037802677981569444e-02
1.159999999999999964e+01,6.419877467092008350e-02
1.163333333333333286e+01,4.892975694428089439e-02
1.166666666666666607e+01,3.143338337031238716e-02
1.169999999999999929e+01,2.091433407456888202e-02
1.173333333333333250e+01,1.173551302992460049e-02
1.176666666666666572e+01,-4.424695184538108075e-03
1.180000000000000071e+01,-2.173597031091426685e-02
1.183333333333333393e+01,-3.084209496823845514e-02
1.186666666666666714e+01,-3.815000169135693980e-02
1.190000000000000036e+01,-5.213252112123305942e-02
1.193333333333333357e+01,-6.686425438709100999e-02
1.196666666666666679e+01,-7.329443453843983991e-02
