0.000000000000000000e+00,-1.926732342309924947e-02
3.333333333333333287e-02,-4.160526610156218413e-03
6.666666666666666574e-02,-1.938759408985074595e-02
1.000000000000000056e-01,-4.070751202552748416e-02
1.333333333333333315e-01,-6.794384058547453531e-02
1.666666666666666574e-01,-1.008945510588365180e-01
2.000000000000000111e-01,-1.245209268114977758e-01
2.333333333333333370e-01,-1.301954663922961775e-01
2.666666666666666630e-01,-1.218993170398115916e-01
2.999999999999999889e-01,-1.066530801209966683e-01
3.333333333333333148e-01,-8.871650300338103368e-02
3.666666666666666408e-01,-6.494423984205388578e-02
4.000000000000000222e-01,-3.713415474652825149e-02
4.333333333333333481e-01,-1.050077043481311909e-02
4.666666666666666741e-01,1.634196430740038689e-02
5.000000000000000000e-01,3.783063325008913930e-02
5.333333333333333259e-01,4.834313799574538328e-02
5.666666666666666519e-01,5.370700552315419568e-02
5.999999999999999778e-01,6.096086324169155274e-02
6.333333333333333037e-01,6.636891050960376515e-02
6.666666666666666297e-01,6.333660275295809050e-02
6.999999999999999556e-01,5.545752068869186369e-02
7.333333333333332815e-01,5.147066624303012206e-02
7.666666666666666075e-01,5.746522361422853886e-02
8.000000000000000444e-01,6.755033441834841501e-02
8.333333333333333703e-01,7.259756180040106976e-02
8.666666666666666963e-01,7.497633148180431195e-02
9.000000000000000222e-01,8.250740991161513438e-02
9.333333333333333481e-01,9.012224525351753002e-02
9.666666666666666741e-01,8.874228446311614726e-02
1.000000000000000000e+00,7.958339136971681604e-02
1.033333333333333215e+00,7.093439016248531681e-02
1.066666666666666652e+00,7.046666128411151198e-02
1.100000000000000089e+00,7.222700530309496270e-02
1.133333333333333304e+00,6.612771258467101121e-02
1.166666666666666741e+00,5.170542071634498527e-02
1.199999999999999956e+00,3.738256991348331421e-02
1.233333333333333393e+00,3.244120890318459571e-02
1.266666666666666607e+00,3.195255293225747473e-02
1.300000000000000044e+00,2.624575884370687964e-02
1.333333333333333259e+00,1.968144035162711428e-02
1.366666666666666696e+00,1.999695372585327813e-02
1.399999999999999911e+00,2.192204423025476481e-02
1.433333333333333348e+00,1.756789938192104480e-02
1.466666666666666563e+00,1.248719430089410484e-02
1.500000000000000000e+00,1.529620166692870036e-02
1.533333333333333215e+00,2.093405142393612098e-02
1.566666666666666652e+00,2.012563271677288157e-02
1.600000000000000089e+00,9.911241339548050588e-03
1.633333333333333304e+00,-1.339108637642636053e-03
1.666666666666666741e+00,-4.194339991684919132e-03
1.699999999999999956e+00,-3.969706139584586006e-03
1.733333333333333393e+00,-8.706287473959959874e-03
1.766666666666666607e+00,-1.217302765857065754e-02
1.800000000000000044e+00,-7.797077651365265025e-03
1.833333333333333259e+00,-1.784560319358938305e-03
1.866666666666666696e+00,-2.314301240502255642e-03
1.899999999999999911e+00,-3.273933292165965171e-03
1.933333333333333348e+00,3.697674063016206155e-03
1.966666666666666563e+00,1.276411469087347129e-02
2.000000000000000000e+00,1.498201514773329565e-02
2.033333333333333215e+00,1.415812390206153300e-02
2.066666666666666430e+00,1.790582337761489895e-02
2.100000000000000089e+00,2.051630145162485971e-02
2.133333333333333304e+00,1.342931847853402055e-02
2.166666666666666519e+00,2.482437055816221101e-03
2.200000000000000178e+00,-4.060010688413410659e-03
2.233333333333333393e+00,-1.211218482815388207e-02
2.266666666666666607e+00,-3.034452243143601416e-02
2.299999999999999822e+00,-5.285219668217032429e-02
2.333333333333333481e+00,-6.950080953280694807e-02
2.366666666666666696e+00,-7.521325529187125603e-02
2.399999999999999911e+00,-7.762999080477128722e-02
2.433333333333333126e+00,-8.603496194758318560e-02
2.466666666666666785e+00,-9.524235895800636786e-02
2.500000000000000000e+00,-9.718853370628036115e-02
2.533333333333333215e+00,-9.690880946955103548e-02
2.566666666666666430e+00,-9.993290462930631834e-02
2.600000000000000089e+00,-9.979399947021594386e-02
2.633333333333333304e+00,-8.831243517039812085e-02
2.666666666666666519e+00,-7.217369886843466587e-02
2.700000000000000178e+00,-6.094606800223776460e-02
2.733333333333333393e+00,-4.918200854222035123e-02
2.766666666666666607e+00,-2.859809649214209784e-02
2.799999999999999822e+00,-5.994253927322401761e-03
2.833333333333333481e+00,8.914054524987499034e-03
2.866666666666666696e+00,2.149888039778742599e-02
2.899999999999999911e+00,3.990233274294699428e-02
2.933333333333333126e+00,5.733043509661987086e-02
2.966666666666666785e+00,6.434923653687740774e-02
3.000000000000000000e+00,6.611134605034801881e-02
3.033333333333333215e+00,7.072307615695923311e-02
3.066666666666666430e+00,7.160460848870375816e-02
3.100000000000000089e+00,5.933999199157224264e-02
3.133333333333333304e+00,3.904478198675640638e-02
3.166666666666666519e+00,2.130232135390931064e-02
3.200000000000000178e+00,1.450752329310860643e-02
3.233333333333333393e+00,1.211288463669977535e-02
3.266666666666666607e+00,4.079747881577537420e-03
3.299999999999999822e+00,-4.520892880621065965e-03
3.333333333333333481e+00,-5.289323651271986282e-03
3.366666666666666696e+00,-3.922644893803401388e-03
3.399999999999999911e+00,-8.539339336462115071e-03
3.433333333333333126e+00,-1.340593943425213812e-02
3.466666666666666785e+00,-1.001684053234906495e-02
3.500000000000000000e+00,-4.108601394541432431e-03
3.533333333333333215e+00,-3.768749386767224208e-03
3.566666666666666430e+00,-2.572559839339674456e-03
3.600000000000000089e+00,8.454958942920261233e-03
3.633333333333333304e+00,2.336022179672932533e-02
3.666666666666666519e+00,3.174669184245326736e-02
3.699999999999999734e+00,2.768668067939165228e-02
3.733333333333333393e+00,1.833515548705021148e-02
3.766666666666666607e+00,1.267803825584936511e-02
3.799999999999999822e+00,5.005885450555536305e-03
3.833333333333333481e+00,-1.375701373972416063e-02
3.866666666666666696e+00,-3.759916686249013124e-02
3.899999999999999911e+00,-5.511346164200538883e-02
3.933333333333333126e+00,-5.707170556052278132e-02
3.966666666666666785e+00,-4.977980148032717239e-02
4.000000000000000000e+00,-4.378279733275682040e-02
4.033333333333333215e+00,-4.273974362629916202e-02
4.066666666666666430e+00,-3.845184618788120151e-02
4.099999999999999645e+00,-2.222015421801037602e-02
4.133333333333332860e+00,4.705348985539672263e-05
4.166666666666666963e+00,1.769524522703471575e-02
4.200000000000000178e+00,2.268768574082352316e-02
4.233333333333333393e+00,2.187659708046983675e-02
4.266666666666666607e+00,2.473994881029343770e-02
4.299999999999999822e+00,2.545674139100701644e-02
4.333333333333333037e+00,1.562965171090174160e-02
4.366666666666666252e+00,1.763228070905104201e-03
4.400000000000000355e+00,-6.718248340065307959e-03
4.433333333333333570e+00,-1.513707287048874847e-02
4.466666666666666785e+00,-2.857055809569205435e-02
4.500000000000000000e+00,-3.978983299701670945e-02
4.533333333333333215e+00,-3.975195695569512522e-02
4.566666666666666430e+00,-3.462611282227276432e-02
4.599999999999999645e+00,-3.321358340103001267e-02
4.633333333333332860e+00,-2.912263151554755902e-02
4.666666666666666963e+00,-1.280306324110325189e-02
4.700000000000000178e+00,1.019695161382220584e-02
4.733333333333333393e+00,2.916204318404320289e-02
4.766666666666666607e+00,3.604430462873497998e-02
4.799999999999999822e+00,3.775667846060349470e-02
4.833333333333333037e+00,4.387901370887842267e-02
4.866666666666666252e+00,4.915558438212411924e-02
4.900000000000000355e+00,4.554753317379971883e-02
4.933333333333333570e+00,3.981060166241471437e-02
4.966666666666666785e+00,4.144319534444290687e-02
5.000000000000000000e+00,4.529516449916658194e-02
5.033333333333333215e+00,4.329734106901547697e-02
5.066666666666666430e+00,4.108243105384541682e-02
5.099999999999999645e+00,4.228068575526423845e-02
5.133333333333332860e+00,3.964598936664509576e-02
5.166666666666666963e+00,2.515888093479871912e-02
5.200000000000000178e+00,5.621621725508630860e-03
5.233333333333333393e+00,-9.048072783630229168e-03
5.266666666666666607e+00,-2.194971425162739118e-02
5.299999999999999822e+00,-4.062250709490787537e-02
5.333333333333333037e+00,-5.895367996208204786e-02
5.366666666666666252e+00,-6.815125055104089002e-02
5.400000000000000355e+00,-7.467944831959959229e-02
5.433333333333333570e+00,-8.811451526013486246e-02
5.466666666666666785e+00,-1.032881318481673472e-01
5.500000000000000000e+00,-1.095701253569616729e-01
5.533333333333333215e+00,-9.830548714557035828e-02
5.566666666666666430e+00,-7.564570694900052406e-02
5.599999999999999645e+00,-5.270388452793765832e-02
5.633333333333332860e+00,-3.860027739415321929e-02
5.666666666666666963e+00,-2.737336433827929072e-02
5.700000000000000178e+00,-1.005514616611636637e-02
5.733333333333333393e+00,7.972568943608494482e-03
5.766666666666666607e+00,1.887270366505339886e-02
5.799999999999999822e+00,2.946928074230562716e-02
5.833333333333333037e+00,4.902804312390017516e-02
5.866666666666666252e+00,7.211741183986500325e-02
5.900000000000000355e+00,8.828287401801697409e-02
5.933333333333333570e+00,8.948235046515483349e-02
5.966666666666666785e+00,8.242378690329182911e-02
6.000000000000000000e+00,7.632802575721747695e-02
6.033333333333333215e+00,6.594440629713191337e-02
6.066666666666666430e+00,4.743450757250498168e-02
6.099999999999999645e+00,2.931580121626951863e-02
6.133333333333332860e+00,2.084990872220507732e-02
6.166666666666666963e+00,1.584061457902239539e-02
6.200000000000000178e+00,5.019467972731887773e-03
6.233333333333333393e+00,-5.158494160326913651e-03
6.266666666666666607e+00,-5.391358407408865065e-03
6.299999999999999822e+00,-1.410842234319848506e-03
6.333333333333333037e+00,-1.530833263040813413e-03
6.366666666666666252e+00,1.117668715017412838e-04
6.400000000000000355e+00,6.630555977969316422e-03
6.433333333333333570e+00,1.041869768438264884e-02
6.466666666666666785e+00,3.357930529843768108e-03
6.500000000000000000e+00,-7.908959732991225136e-03
6.533333333333333215e+00,-1.398148179051949581e-02
6.566666666666666430e+00,-2.022021304058631633e-02
6.599999999999999645e+00,-3.468172674518579801e-02
6.633333333333332860e+00,-5.045508655464858716e-02
6.666666666666666963e+00,-5.800102652467414160e-02
6.700000000000000178e+00,-6.265537033012424928e-02
6.733333333333333393e+00,-7.267198292680182581e-02
6.766666666666666607e+00,-8.112757823966348925e-02
6.799999999999999822e+00,-7.819806831640081779e-02
6.833333333333333037e+00,-6.928308261157471726e-02
6.866666666666666252e+00,-6.298217031274797040e-02
6.899999999999999467e+00,-5.228082975687706885e-02
6.933333333333333570e+00,-2.708597252008947825e-02
6.966666666666666785e+00,6.993010169435635685e-03
7.000000000000000000e+00,3.878882196879718941e-02
7.033333333333333215e+00,6.055366791412569033e-02
7.066666666666666430e+00,7.908093197082347037e-02
7.099999999999999645e+00,1.007908137421391764e-01
7.133333333333332860e+00,1.187740080369342477e-01
7.166666666666666963e+00,1.251357737781021440e-01
7.200000000000000178e+00,1.269461561616997414e-01
7.233333333333333393e+00,1.335305877768922511e-01
7.266666666666666607e+00,1.390439664176799650e-01
7.299999999999999822e+00,1.329731820793055852e-01
7.333333333333333037e+00,1.096994589237584167e-01
7.366666666666666252e+00,7.668143352985361261e-02
7.399999999999999467e+00,4.574413564331446247e-02
7.433333333333333570e+00,2.687073709440260597e-02
7.466666666666666785e+00,1.496286525112866528e-02
7.500000000000000000e+00,9.692950582085952879e-05
7.533333333333333215e+00,-2.040093854436512977e-02
7.566666666666666430e+00,-3.733186448457320727e-02
7.599999999999999645e+00,-4.083847294510925541e-02
7.633333333333332860e+00,-3.642547463446275252e-02
7.666666666666666963e+00,-3.503924148336955147e-02
7.700000000000000178e+00,-4.456489878153507139e-02
7.733333333333333393e+00,-5.783151653787818591e-02
7.766666666666666607e+00,-6.506992198536394600e-02
7.799999999999999822e+00,-6.993445458733880959e-02
7.833333333333333037e+00,-7.956296868983910031e-02
7.866666666666666252e+00,-8.681334047312848357e-02
7.899999999999999467e+00,-8.229043185563687801e-02
7.933333333333333570e+00,-7.173470001789017392e-02
7.966666666666666785e+00,-6.304211380215975213e-02
8.000000000000000000e+00,-5.075215538395397297e-02
8.033333333333333215e+00,-3.579714783723172283e-02
8.066666666666666430e+00,-2.513717359876335364e-02
8.099999999999999645e+00,-1.298485305548012850e-02
8.133333333333332860e+00,3.102075163897486873e-03
8.166666666666666075e+00,1.491559499520644407e-02
8.199999999999999289e+00,1.384151919878698345e-02
8.233333333333332504e+00,6.946257699104735860e-03
8.266666666666665719e+00,4.335214335697045243e-03
8.300000000000000711e+00,2.161621482683492856e-03
8.333333333333333925e+00,-7.570627011817619711e-03
8.366666666666667140e+00,-1.795847861469135678e-02
8.400000000000000355e+00,-1.972088714940875218e-02
8.433333333333333570e+00,-1.873912251897627210e-02
8.466666666666666785e+00,-2.307995721680809048e-02
8.500000000000000000e+00,-2.540711148929720997e-02
8.533333333333333215e+00,-1.623034254529063039e-02
8.566666666666666430e+00,-1.301183483937503596e-03
8.599999999999999645e+00,9.262022448368285171e-03
8.633333333333332860e+00,1.258621871143865076e-02
8.666666666666666075e+00,1.682375493736736755e-02
8.699999999999999289e+00,2.929399002931626014e-02
8.733333333333332504e+00,4.368785593660731020e-02
8.766666666666665719e+00,5.108603603545296135e-02
8.800000000000000711e+00,5.412460519706727147e-02
8.833333333333333925e+00,6.108168487929676455e-02
8.866666666666667140e+00,6.639006104375604067e-02
8.900000000000000355e+00,6.115617892828552338e-02
8.933333333333333570e+00,5.140363008086746427e-02
8.966666666666666785e+00,4.567015110032504599e-02
9.000000000000000000e+00,3.713423833317611861e-02
9.033333333333333215e+00,1.600092033344769488e-02
9.066666666666666430e+00,-1.224822914476646901e-02
9.099999999999999645e+00,-3.650268562688862434e-02
9.133333333333332860e+00,-4.771261510109734566e-02
9.166666666666666075e+00,-5.133005510758197054e-02
9.199999999999999289e+00,-5.527320952482710908e-02
9.233333333333332504e+00,-5.394795657200222860e-02
9.266666666666665719e+00,-4.538963377812598593e-02
9.300000000000000711e+00,-3.751524250078040051e-02
9.333333333333333925e+00,-3.848460431204256404e-02
9.366666666666667140e+00,-4.173844328135945664e-02
9.400000000000000355e+00,-3.782194598374929301e-02
9.433333333333333570e+00,-3.178633526929310060e-02
9.466666666666666785e+00,-3.172258552431193868e-02
9.500000000000000000e+00,-3.108848024665436180e-02
9.533333333333333215e+00,-2.082164966480647833e-02
9.566666666666666430e+00,-6.583705016567287065e-03
9.599999999999999645e+00,2.689106623423058104e-03
9.633333333333332860e+00,1.220896488818318595e-02
9.666666666666666075e+00,2.548411037311556007e-02
9.699999999999999289e+00,3.493394026774337968e-02
9.733333333333332504e+00,3.254885982582037679e-02
9.766666666666665719e+00,2.541478153830769790e-02
9.800000000000000711e+00,2.297909225798483446e-02
9.833333333333333925e+00,1.933812883745398073e-02
9.866666666666667140e+00,5.674321735459708291e-03
9.900000000000000355e+00,-1.230205819266682980e-02
9.933333333333333570e+00,-2.429866094652000791e-02
9.966666666666666785e+00,-2.672670859695571235e-02
1.000000000000000000e+01,-2.834453992087996796e-02
1.003333333333333321e+01,-3.883818285780680363e-02
1.006666666666666643e+01,-5.238799585398985770e-02
1.009999999999999964e+01,-5.838915429226702869e-02
1.013333333333333286e+01,-4.945393675407689510e-02
1.016666666666666607e+01,-3.259474273761752555e-02
1.019999999999999929e+01,-1.896792115788368052e-02
1.023333333333333250e+01,-1.378613857623379145e-02
1.026666666666666572e+01,-9.914208684781426750e-03
1.030000000000000071e+01,1.350830235105945042e-03
1.033333333333333393e+01,1.402288463159003656e-02
1.036666666666666714e+01,1.980374436111231179e-02
1.040000000000000036e+01,2.527419349048410854e-02
1.043333333333333357e+01,3.964926471920975776e-02
1.046666666666666679e+01,5.741703260775055800e-02
1.050000000000000000e+01,6.830987773184003797e-02
1.053333333333333321e+01,6.434744672281134115e-02
1.056666666666666643e+01,5.198395369066291516e-02
1.059999999999999964e+01,4.189772384319122300e-02
1.063333333333333286e+01,3.927302122898982534e-02
1.066666666666666607e+01,3.687077859034654931e-02
1.069999999999999929e+01,2.585556135125949631e-02
1.073333333333333250e+01,1.216288140868497514e-02
1.076666666666666572e+01,4.218000031164979846e-03
1.080000000000000071e+01,-3.775350633570264194e-03
1.083333333333333393e+01,-2.056648279021617426e-02
1.086666666666666714e+01,-4.015866818139371408e-02
1.090000000000000036e+01,-5.220545610839059936e-02
1.093333333333333357e+01,-5.177644408939966608e-02
1.096666666666666679e+01,-4.647675792280171053e-02
1.100000000000000000e+01,-4.574767718351532841e-02
1.103333333333333321e+01,-4.437546704399277647e-02
1.106666666666666643e+01,-3.421871146662246871e-02
1.109999999999999964e+01,-2.206270587523995186e-02
1.113333333333333286e+01,-1.764800223719095382e-02
1.116666666666666607e+01,-1.580647393953987442e-02
1.119999999999999929e+01,-8.117945790471921969e-03
1.123333333333333250e+01,-9.915085209761071924e-04
1.126666666666666572e+01,-3.986142805692960943e-03
1.130000000000000071e+01,-1.170029470248131441e-02
1.133333333333333393e+01,-1.426692556033195246e-02
1.136666666666666714e+01,-6.830496259177524197e-03
1.140000000000000036e+01,3.018695495775664938e-03
1.143333333333333357e+01,5.868142279452387249e-03
1.146666666666666679e+01,6.999767577458593584e-03
1.150000000000000000e+01,1.481299383392871427e-02
1.153333333333333321e+01,2.291381059489644434e-02
1.156666666666666643e+01,2.246917882186601212e-02
1.159999999999999964e+01,1.904308176249950094e-02
1.163333333333333286e+01,2.095030764146380703e-02
1.166666666666666607e+01,2.172754602349733638e-02
1.169999999999999929e+01,1.205125100583331367e-02
1.173333333333333250e+01,-2.678324338065555740e-03
1.176666666666666572e+01,-1.218320476733178795e-02
1.180000000000000071e+01,-1.064136109536010372e-02
1.183333333333333393e+01,-5.765652160444242544e-03
1.186666666666666714e+01,-7.212830554175507503e-03
1.190000000000000036e+01,-9.488274950920465300e-03
1.193333333333333357e+01,-4.581906359259829524e-03
1.196666666666666679e+01,5.164966162935817834e-04
