0.000000000000000000e+00,-2.769431409190759030e-01
3.333333333333333287e-02,2.085728212311227514e-01
6.666666666666666574e-02,6.127239573646513504e-01
1.000000000000000056e-01,1.012682926746774070e+00
1.333333333333333315e-01,1.405866045478149307e+00
1.666666666666666574e-01,1.789744835166262593e+00
2.000000000000000111e-01,1.934998046457441667e+00
2.333333333333333370e-01,1.890719169574111902e+00
2.666666666666666630e-01,1.778729897662580495e+00
2.999999999999999889e-01,1.651608895496192941e+00
3.333333333333333148e-01,1.532159471372490867e+00
3.666666666666666408e-01,1.429240283827423186e+00
4.000000000000000222e-01,1.342450547057639332e+00
4.333333333333333481e-01,1.263700024836786451e+00
4.666666666666666741e-01,1.178966224499058191e+00
5.000000000000000000e-01,1.081366416334554881e+00
5.333333333333333259e-01,9.725621593250795005e-01
5.666666666666666519e-01,8.568370559464519864e-01
5.999999999999999778e-01,7.403203159938663847e-01
6.333333333333333037e-01,6.329335975962164795e-01
6.666666666666666297e-01,5.424733987654477563e-01
6.999999999999999556e-01,4.752734262635773810e-01
7.333333333333332815e-01,4.335223237355888548e-01
7.666666666666666075e-01,4.067733467796002533e-01
8.000000000000000444e-01,3.831671581316255515e-01
8.333333333333333703e-01,3.646796166533965433e-01
8.666666666666666963e-01,3.520090125083010779e-01
9.000000000000000222e-01,3.359206105489630501e-01
9.333333333333333481e-01,3.125733556227789367e-01
9.666666666666666741e-01,2.846386258961778326e-01
1.000000000000000000e+00,2.559769269351491738e-01
1.033333333333333215e+00,2.290343542933805376e-01
1.066666666666666652e+00,2.029648169405542102e-01
1.100000000000000089e+00,1.754793835626493603e-01
1.133333333333333304e+00,1.490882457704053587e-01
1.166666666666666741e+00,1.287107783049894205e-01
1.199999999999999956e+00,1.165188422371192661e-01
1.233333333333333393e+00,1.099300931220175831e-01
1.266666666666666607e+00,1.031802512461741927e-01
1.300000000000000044e+00,9.808547039407014556e-02
1.333333333333333259e+00,9.568266477942556636e-02
1.366666666666666696e+00,9.185995550346613692e-02
1.399999999999999911e+00,8.466462974327930435e-02
1.433333333333333348e+00,7.719097230459760761e-02
1.466666666666666563e+00,7.019039354442449530e-02
1.500000000000000000e+00,6.251585104109824709e-02
1.533333333333333215e+00,5.516013954932363905e-02
1.566666666666666652e+00,4.992325697995480399e-02
1.600000000000000089e+00,4.602241630627933178e-02
1.633333333333333304e+00,4.130402552148491890e-02
1.666666666666666741e+00,3.678084012086778321e-02
1.699999999999999956e+00,3.309026300288679667e-02
1.733333333333333393e+00,3.123006963071218306e-02
1.766666666666666607e+00,2.813837666692516060e-02
1.800000000000000044e+00,2.498258785417785399e-02
1.833333333333333259e+00,2.287755067894935851e-02
1.866666666666666696e+00,2.249651489029529106e-02
1.899999999999999911e+00,2.162310007543361348e-02
1.933333333333333348e+00,1.967694697234674897e-02
1.966666666666666563e+00,1.720436109182054557e-02
2.000000000000000000e+00,1.572219005378617043e-02
2.033333333333333215e+00,1.468942999704180886e-02
2.066666666666666430e+00,1.328507904507725615e-02
2.100000000000000089e+00,1.167046515912664555e-02
2.133333333333333304e+00,1.020118154384305059e-02
2.166666666666666519e+00,8.389213413754174550e-03
2.200000000000000178e+00,7.257895942814345143e-03
2.233333333333333393e+00,6.517594388978141182e-03
2.266666666666666607e+00,4.377053038979495520e-03
2.299999999999999822e+00,1.653528746232643416e-03
2.333333333333333481e+00,1.109212154935884480e-03
2.366666666666666696e+00,3.493552261272745221e-03
2.399999999999999911e+00,5.103692330557354877e-03
2.433333333333333126e+00,4.956206577212975660e-03
2.466666666666666785e+00,4.036543679224081568e-03
2.500000000000000000e+00,4.325843680502643174e-03
2.533333333333333215e+00,4.634290821982678214e-03
2.566666666666666430e+00,4.315116424368811709e-03
2.600000000000000089e+00,3.608498154471228691e-03
2.633333333333333304e+00,3.678546879252883595e-03
2.666666666666666519e+00,3.699151814751523108e-03
2.700000000000000178e+00,3.671759503989254110e-03
2.733333333333333393e+00,3.139290572636699219e-03
2.766666666666666607e+00,1.471943773491993842e-03
2.799999999999999822e+00,4.647516246841180282e-04
2.833333333333333481e+00,4.781338625927572571e-04
2.866666666666666696e+00,5.094263193419142381e-04
2.899999999999999911e+00,-7.782778277681195274e-04
2.933333333333333126e+00,-2.224236120278110917e-03
2.966666666666666785e+00,-1.287226441155749773e-03
3.000000000000000000e+00,3.351633045399756241e-05
3.033333333333333215e+00,-7.400470959722538504e-06
3.066666666666666430e+00,-2.274817361577826812e-04
3.100000000000000089e+00,8.606949110607772313e-04
3.133333333333333304e+00,1.314427733935612762e-03
3.166666666666666519e+00,1.278389831612240009e-03
3.200000000000000178e+00,1.448832636640100171e-03
3.233333333333333393e+00,1.013852313867233401e-03
3.266666666666666607e+00,-3.149100999296836740e-04
3.299999999999999822e+00,-1.082133970484219776e-03
3.333333333333333481e+00,-2.287565569535463959e-04
3.366666666666666696e+00,4.540757126435980150e-04
3.399999999999999911e+00,5.523357875783998930e-04
3.433333333333333126e+00,5.686341310161466527e-04
3.466666666666666785e+00,5.206191662197815883e-04
3.500000000000000000e+00,-7.305088256312979684e-05
3.533333333333333215e+00,-2.933941837319338454e-04
3.566666666666666430e+00,2.395538836877951277e-04
3.600000000000000089e+00,-1.139317668769516479e-04
3.633333333333333304e+00,-6.734919229382098187e-04
3.666666666666666519e+00,-7.450063331269522271e-04
3.699999999999999734e+00,-1.506990761804867659e-04
3.733333333333333393e+00,3.049414607593697109e-04
3.766666666666666607e+00,5.235318787011223208e-04
3.799999999999999822e+00,7.475146774254520636e-05
3.833333333333333481e+00,-1.174980963473331447e-03
3.866666666666666696e+00,-2.164626634638785324e-03
3.899999999999999911e+00,-2.002436332117755839e-03
3.933333333333333126e+00,-1.074382130827739295e-03
3.966666666666666785e+00,-6.027691817482491157e-04
4.000000000000000000e+00,2.477780494397364150e-05
4.033333333333333215e+00,8.431350681825236027e-04
4.066666666666666430e+00,6.708860542972340133e-04
4.099999999999999645e+00,-1.985558118344226298e-04
4.133333333333332860e+00,-9.913122142066852112e-04
4.166666666666666963e+00,-5.210102131963219524e-04
4.200000000000000178e+00,2.701934443535729323e-04
4.233333333333333393e+00,7.379939354935732788e-04
4.266666666666666607e+00,1.883351953037692831e-04
4.299999999999999822e+00,-3.367114373212129973e-04
4.333333333333333037e+00,-7.579701568415964140e-04
4.366666666666666252e+00,-5.027509450165714485e-04
4.400000000000000355e+00,-4.931995152682473868e-04
4.433333333333333570e+00,-5.236084914661065862e-04
4.466666666666666785e+00,-4.428975737036851832e-04
4.500000000000000000e+00,-3.870129132969230066e-04
4.533333333333333215e+00,-1.917473892985114019e-04
4.566666666666666430e+00,-4.057440163383739962e-04
4.599999999999999645e+00,-2.673305050165953049e-04
4.633333333333332860e+00,7.162620058105830878e-05
4.666666666666666963e+00,5.229990974435934619e-04
4.700000000000000178e+00,-2.474012252125714229e-04
4.733333333333333393e+00,-8.165594253170144765e-04
4.766666666666666607e+00,6.718026329634677887e-05
4.799999999999999822e+00,7.912903339715586818e-04
4.833333333333333037e+00,8.744211824627544415e-04
4.866666666666666252e+00,5.660313169185040693e-04
4.900000000000000355e+00,7.153651637683979643e-04
4.933333333333333570e+00,7.832641073539445145e-04
4.966666666666666785e+00,7.158134208327700384e-04
5.000000000000000000e+00,2.087579020774274659e-04
5.033333333333333215e+00,2.142938659826301988e-04
5.066666666666666430e+00,7.814971764986026006e-05
5.099999999999999645e+00,4.313155221826681855e-05
5.133333333333332860e+00,-2.135269750787248909e-04
5.166666666666666963e+00,2.569791269964213278e-05
5.200000000000000178e+00,-1.771263109827825462e-04
5.233333333333333393e+00,-6.671598515194855248e-04
5.266666666666666607e+00,-1.191395879762471898e-03
5.299999999999999822e+00,-1.704920740791649554e-03
5.333333333333333037e+00,-1.759152675953246222e-03
5.366666666666666252e+00,-1.366917009284521764e-03
5.400000000000000355e+00,-8.996488975648561691e-04
5.433333333333333570e+00,-9.236057941453061334e-04
5.466666666666666785e+00,-1.799477649999283412e-03
5.500000000000000000e+00,-1.559191949126185117e-03
5.533333333333333215e+00,9.537123431425665590e-05
5.566666666666666430e+00,5.661274572631553280e-04
5.599999999999999645e+00,6.805781866035859242e-04
5.633333333333332860e+00,9.029651236822356080e-04
5.666666666666666963e+00,1.350380624666883741e-04
5.700000000000000178e+00,-1.771081270465229510e-03
5.733333333333333393e+00,-2.300180631539298481e-03
5.766666666666666607e+00,-7.717137008651252022e-04
5.799999999999999822e+00,4.837031024536070541e-04
5.833333333333333037e+00,1.574916176704785125e-04
5.866666666666666252e+00,-1.163612453040044998e-03
5.900000000000000355e+00,-1.942003119258440885e-03
5.933333333333333570e+00,-2.041853377511463220e-03
5.966666666666666785e+00,-1.514700229203587867e-03
6.000000000000000000e+00,-1.095171452236114043e-04
6.033333333333333215e+00,6.468346213285255161e-04
6.066666666666666430e+00,8.386963323626083497e-04
6.099999999999999645e+00,6.270419428024832757e-04
6.133333333333332860e+00,9.102047420934916526e-04
6.166666666666666963e+00,-4.602631312257571294e-04
6.200000000000000178e+00,-1.069234945067235260e-04
6.233333333333333393e+00,-8.558964489648050906e-04
6.266666666666666607e+00,-8.781501408251511415e-05
6.299999999999999822e+00,-5.599788576122972971e-04
6.333333333333333037e+00,2.809513367179963003e-04
6.366666666666666252e+00,5.337252678701641774e-04
6.400000000000000355e+00,-4.996436766301960188e-05
6.433333333333333570e+00,-3.237269907130252726e-04
6.466666666666666785e+00,-4.229386580265497616e-05
6.500000000000000000e+00,5.074362618268405886e-04
6.533333333333333215e+00,7.214118145551897190e-04
6.566666666666666430e+00,6.956402007382710313e-04
6.599999999999999645e+00,3.593572425408758739e-04
6.633333333333332860e+00,-4.094074115085010812e-04
6.666666666666666963e+00,-1.061279204785455941e-04
6.700000000000000178e+00,2.877304157253753329e-04
6.733333333333333393e+00,-4.416427149503863395e-04
6.766666666666666607e+00,-1.424194244524052636e-03
6.799999999999999822e+00,-5.455129948111299074e-04
6.833333333333333037e+00,4.534569731741815699e-04
6.866666666666666252e+00,-4.728456355689262950e-05
6.899999999999999467e+00,-3.647281682186272688e-04
6.933333333333333570e+00,-3.864360207043631215e-04
6.966666666666666785e+00,-1.568226373410888186e-03
7.000000000000000000e+00,-3.044476639679652950e-03
7.033333333333333215e+00,-2.514727812900056318e-03
7.066666666666666430e+00,-1.626103973899266841e-03
7.099999999999999645e+00,-1.877521721017067283e-03
7.133333333333332860e+00,-2.099372020569121883e-03
7.166666666666666963e+00,-1.029178406014254936e-03
7.200000000000000178e+00,-4.056793304359966428e-04
7.233333333333333393e+00,-1.478744504728554459e-03
7.266666666666666607e+00,-2.043853372834773027e-03
7.299999999999999822e+00,-2.504441591047864776e-04
7.333333333333333037e+00,1.395065154007329696e-03
7.366666666666666252e+00,1.696791401421244997e-03
7.399999999999999467e+00,1.775680282192726401e-03
7.433333333333333570e+00,2.308385791890716666e-03
7.466666666666666785e+00,2.264637770514052635e-03
7.500000000000000000e+00,1.484548471520683423e-03
7.533333333333333215e+00,1.066541462889512154e-03
7.566666666666666430e+00,7.053054276053989354e-04
7.599999999999999645e+00,1.015466582820980955e-03
7.633333333333332860e+00,9.334802787680775106e-04
7.666666666666666963e+00,7.768781072606173238e-04
7.700000000000000178e+00,4.588563609654873173e-04
7.733333333333333393e+00,3.744899707489215805e-05
7.766666666666666607e+00,-8.201158932568464513e-05
7.799999999999999822e+00,5.619576400372031414e-05
7.833333333333333037e+00,-4.063275422461888153e-04
7.866666666666666252e+00,-4.908560533982139285e-04
7.899999999999999467e+00,1.519270740162690769e-04
7.933333333333333570e+00,3.679181657512379405e-04
7.966666666666666785e+00,1.804930204376175489e-04
8.000000000000000000e+00,5.226968030765566549e-05
8.033333333333333215e+00,1.908216686305623565e-04
8.066666666666666430e+00,1.619580681631730735e-04
8.099999999999999645e+00,-3.928090491919135493e-04
8.133333333333332860e+00,-4.687491125040909711e-04
8.166666666666666075e+00,-5.145536241781683033e-04
8.199999999999999289e+00,2.719461125651038459e-05
8.233333333333332504e+00,-1.686461321206415192e-04
8.266666666666665719e+00,-6.001514605961179348e-04
8.300000000000000711e+00,-1.117543221901715240e-03
8.333333333333333925e+00,-1.855689027377218107e-03
8.366666666666667140e+00,-1.636120102263751309e-03
8.400000000000000355e+00,-1.056654882267502515e-03
8.433333333333333570e+00,-4.037879587280371330e-04
8.466666666666666785e+00,3.472052076683091511e-04
8.500000000000000000e+00,3.757252774723352949e-04
8.533333333333333215e+00,-3.581108782370251756e-04
8.566666666666666430e+00,-7.133219168383594607e-05
8.599999999999999645e+00,-5.412548821208216111e-04
8.633333333333332860e+00,-1.272524220296581896e-04
8.666666666666666075e+00,-2.658044214492965413e-04
8.699999999999999289e+00,-1.674626677775034361e-04
8.733333333333332504e+00,-6.956393504942799330e-04
8.766666666666665719e+00,-7.000614329508900689e-04
8.800000000000000711e+00,-1.415540248717628053e-05
8.833333333333333925e+00,-4.779221427441034120e-04
8.866666666666667140e+00,-7.348756378927188580e-04
8.900000000000000355e+00,2.754704436967341831e-04
8.933333333333333570e+00,7.330558993816762648e-04
8.966666666666666785e+00,8.425314008545791182e-04
9.000000000000000000e+00,8.413413009590965186e-04
9.033333333333333215e+00,-6.852286112342842895e-05
9.066666666666666430e+00,-1.556478614543330965e-03
9.099999999999999645e+00,-1.926821724815071680e-03
9.133333333333332860e+00,-1.212816699096056893e-03
9.166666666666666075e+00,-3.253048933667716737e-04
9.199999999999999289e+00,2.968920791655127846e-04
9.233333333333332504e+00,2.056336213394014398e-04
9.266666666666665719e+00,6.030618973321621393e-04
9.300000000000000711e+00,5.291012659387099928e-04
9.333333333333333925e+00,3.515598177543391109e-04
9.366666666666667140e+00,-7.262390049159663939e-05
9.400000000000000355e+00,3.662597848811874595e-04
9.433333333333333570e+00,6.239533597757488054e-04
9.466666666666666785e+00,6.748191268482838347e-04
9.500000000000000000e+00,2.330473772712723891e-04
9.533333333333333215e+00,1.317493883552747118e-04
9.566666666666666430e+00,-2.441780312488231962e-04
9.599999999999999645e+00,-1.126290530508158107e-04
9.633333333333332860e+00,-9.400793411484428515e-04
9.666666666666666075e+00,-2.101850342314709724e-03
9.699999999999999289e+00,-2.075055913369189004e-03
9.733333333333332504e+00,-4.413483761606546438e-04
9.766666666666665719e+00,3.980315140835222502e-04
9.800000000000000711e+00,6.175993971658201229e-04
9.833333333333333925e+00,7.979418719423177556e-04
9.866666666666667140e+00,-5.018903614027993504e-04
9.900000000000000355e+00,-1.002813739285170810e-03
9.933333333333333570e+00,-8.235399868951106400e-04
9.966666666666666785e+00,6.935777533579950364e-05
1.000000000000000000e+01,5.130205367617330335e-04
1.003333333333333321e+01,-7.253262185461472038e-05
1.006666666666666643e+01,-2.053646160933495814e-03
1.009999999999999964e+01,-9.611428129978124169e-04
1.013333333333333286e+01,1.240476855654337003e-04
1.016666666666666607e+01,-3.679697169316820441e-04
1.019999999999999929e+01,-2.705280455948339208e-04
1.023333333333333250e+01,-6.922945769764541181e-04
1.026666666666666572e+01,-8.417802402115534283e-04
1.030000000000000071e+01,-6.306040728305294172e-05
1.033333333333333393e+01,2.883819920080539240e-04
1.036666666666666714e+01,3.629545937961055693e-04
1.040000000000000036e+01,6.175758405778415802e-04
1.043333333333333357e+01,1.479694716893624744e-04
1.046666666666666679e+01,-9.829572758027402529e-04
1.050000000000000000e+01,-1.777232994790668144e-03
1.053333333333333321e+01,-9.888880032427292688e-04
1.056666666666666643e+01,2.306283203087546735e-04
1.059999999999999964e+01,5.930639453122998027e-04
1.063333333333333286e+01,6.816770914341978857e-04
1.066666666666666607e+01,8.411328541314445776e-04
1.069999999999999929e+01,7.441753645294395345e-04
1.073333333333333250e+01,3.938548457550844159e-04
1.076666666666666572e+01,4.581953008708165962e-04
1.080000000000000071e+01,2.514033402900207491e-04
1.083333333333333393e+01,-2.831239276440176782e-04
1.086666666666666714e+01,-1.238405914615202299e-03
1.090000000000000036e+01,-1.892642697009745863e-03
1.093333333333333357e+01,-1.635607762236318628e-03
1.096666666666666679e+01,-1.018251966490479844e-03
1.100000000000000000e+01,2.582611255337592497e-04
1.103333333333333321e+01,8.556987879506143752e-04
1.106666666666666643e+01,1.010197612667053163e-03
1.109999999999999964e+01,8.055742347001201061e-04
1.113333333333333286e+01,8.925230283917350276e-04
1.116666666666666607e+01,5.325806424000885820e-04
1.119999999999999929e+01,-8.281577198509901695e-04
1.123333333333333250e+01,-1.812541863759676609e-04
1.126666666666666572e+01,-3.733728241967393564e-04
1.130000000000000071e+01,-1.131865094111066073e-03
1.133333333333333393e+01,-9.353934074087272722e-04
1.136666666666666714e+01,-1.408135805767819304e-04
1.140000000000000036e+01,-1.624103890416106737e-03
1.143333333333333357e+01,-1.500363750224412759e-03
1.146666666666666679e+01,-2.148675896518261168e-03
1.150000000000000000e+01,-6.334860676673832519e-05
1.153333333333333321e+01,-2.398609234088717708e-04
1.156666666666666643e+01,9.501989586756102221e-04
1.159999999999999964e+01,8.081817952149547232e-05
1.163333333333333286e+01,8.728570528203214622e-04
1.166666666666666607e+01,2.260520815292648897e-04
1.169999999999999929e+01,6.387918350135637089e-04
1.173333333333333250e+01,2.086150174763147145e-04
1.176666666666666572e+01,-3.226942954894460600e-04
1.180000000000000071e+01,-2.796395178564242299e-04
1.183333333333333393e+01,1.482836937144413900e-04
1.186666666666666714e+01,4.032688827723778500e-04
1.190000000000000036e+01,-8.633802845761068376e-05
1.193333333333333357e+01,-6.713250042545950086e-04
1.196666666666666679e+01,-3.226769651488322591e-04
