0.000000000000000000e+00,3.605436487761491726e+00
3.333333333333333287e-02,2.573338165914803022e-01
6.666666666666666574e-02,2.556383044071369737e-01
1.000000000000000056e-01,2.539595448528355615e-01
1.333333333333333315e-01,2.522996457955375416e-01
1.666666666666666574e-01,2.506606209931069307e-01
2.000000000000000111e-01,-1.234527246712633808e+00
2.333333333333333370e-01,-1.823111038711376919e+00
2.666666666666666630e-01,-6.099663134019612798e-01
2.999999999999999889e-01,3.628129048035202975e-02
3.333333333333333148e-01,-9.271456355898738400e-01
3.666666666666666408e-01,-1.511290018755727937e-01
4.000000000000000222e-01,6.239171326995124334e-01
4.333333333333333481e-01,-6.286544690101492083e-01
4.666666666666666741e-01,7.335918373350609478e-01
5.000000000000000000e-01,2.104163180973656289e+00
5.333333333333333259e-01,6.457258165576590381e-01
5.666666666666666519e-01,-7.838433075455897292e-01
5.999999999999999778e-01,-3.712326724483753226e-01
6.333333333333333037e-01,1.054351099355691046e+00
6.666666666666666297e-01,8.194893977877385494e-01
6.999999999999999556e-01,-6.217036647160498752e-01
7.333333333333332815e-01,-1.492948223597123647e+00
7.666666666666666075e-01,-2.860203362148443507e-01
8.000000000000000444e-01,9.394079182835747277e-01
8.333333333333333703e-01,2.261395638574372202e-01
8.666666666666666963e-01,-6.861397342686507139e-01
9.000000000000000222e-01,9.750160394884416215e-02
9.333333333333333481e-01,8.234488863203075493e-01
9.666666666666666741e-01,7.509994041079797178e-01
1.000000000000000000e+00,1.700829813196954032e-01
1.033333333333333215e+00,-1.082853572731081293e+00
1.066666666666666652e+00,-3.847312829414299418e-01
1.100000000000000089e+00,1.021477644840179444e+00
1.133333333333333304e+00,1.146462653548675270e+00
1.166666666666666741e+00,-1.493503689218694530e-01
1.199999999999999956e+00,-1.404930565377315421e+00
1.233333333333333393e+00,-3.084716443376233630e-01
1.266666666666666607e+00,9.740676424024090618e-01
1.300000000000000044e+00,-4.620489513023895434e-02
1.333333333333333259e+00,-8.750374917077416992e-01
1.366666666666666696e+00,-4.370432974239699120e-02
1.399999999999999911e+00,7.977770926110018257e-01
1.433333333333333348e+00,-2.313977239531742058e-02
1.466666666666666563e+00,-9.382300895634256843e-01
1.500000000000000000e+00,-1.188104560352446631e-01
1.533333333333333215e+00,7.127312431578419760e-01
1.566666666666666652e+00,1.067012612381152081e+00
1.600000000000000089e+00,5.186550817914370448e-02
1.633333333333333304e+00,-1.122696126471379063e+00
1.666666666666666741e+00,-2.079033980739954657e-01
1.699999999999999956e+00,8.072136574981874091e-01
1.733333333333333393e+00,-2.716894486175837065e-01
1.766666666666666607e+00,-1.000669280865667421e+00
1.800000000000000044e+00,-6.338702622154356037e-02
1.833333333333333259e+00,9.614707521543459645e-01
1.866666666666666696e+00,-1.530914560990990769e-01
1.899999999999999911e+00,-1.060879314646921090e+00
1.933333333333333348e+00,-5.528267779123857695e-02
1.966666666666666563e+00,9.610649252399604547e-01
2.000000000000000000e+00,1.349806664101197984e-01
2.033333333333333215e+00,-7.487223748740801099e-01
2.066666666666666430e+00,2.648284163041178529e-01
2.100000000000000089e+00,1.246371056653437392e+00
2.133333333333333304e+00,1.179437908129992996e-01
2.166666666666666519e+00,-7.375667277792186116e-01
2.200000000000000178e+00,3.193462401466805600e-01
2.233333333333333393e+00,1.292994596420627529e+00
2.266666666666666607e+00,1.588344754319641339e-01
2.299999999999999822e+00,-7.152736465262466981e-01
2.333333333333333481e+00,-1.236411715629729180e+00
2.366666666666666696e+00,-1.640763697175307567e-01
2.399999999999999911e+00,9.197421189892465154e-01
2.433333333333333126e+00,-4.480461663394104399e-02
2.466666666666666785e+00,-1.009584980552954647e+00
2.500000000000000000e+00,-4.465528720451586442e-02
2.533333333333333215e+00,5.842094465691417549e-01
2.566666666666666430e+00,-4.116659769653502887e-01
2.600000000000000089e+00,-1.407803569221451667e+00
2.633333333333333304e+00,-2.863887055802378789e-01
2.666666666666666519e+00,8.645515437704617279e-01
2.700000000000000178e+00,-1.762856795819976174e-01
2.733333333333333393e+00,-1.217956883521107647e+00
2.766666666666666607e+00,-6.315383687535036650e-02
2.799999999999999822e+00,1.132154683002653206e+00
2.833333333333333481e+00,7.648529596154760024e-02
2.866666666666666696e+00,-9.600039903447390444e-01
2.899999999999999911e+00,2.113033601794838678e-01
2.933333333333333126e+00,1.371530448270548153e+00
2.966666666666666785e+00,3.549779851864126590e-01
3.000000000000000000e+00,-6.420551479257116112e-01
3.033333333333333215e+00,4.701113034863066975e-01
3.066666666666666430e+00,1.570553515232520514e+00
3.100000000000000089e+00,6.213329218997816206e-01
3.133333333333333304e+00,-3.070959522838929701e-01
3.166666666666666519e+00,-1.357679505251660812e+00
3.200000000000000178e+00,-3.331315056134362962e-01
3.233333333333333393e+00,8.970190287072308255e-01
3.266666666666666607e+00,5.351152043033366446e-02
3.299999999999999822e+00,-1.063928142001585586e+00
3.333333333333333481e+00,-7.394244872555913450e-02
3.366666666666666696e+00,8.787602547210131565e-01
3.399999999999999911e+00,-7.348528016686683983e-02
3.433333333333333126e+00,-1.106492173256671263e+00
3.466666666666666785e+00,-4.306590941508450787e-02
3.500000000000000000e+00,8.512263378082927101e-01
3.533333333333333215e+00,-2.252365867205660677e-01
3.566666666666666430e+00,-1.259577810090336092e+00
3.600000000000000089e+00,-2.037944362858431224e-01
3.633333333333333304e+00,7.525537051972854830e-01
3.666666666666666519e+00,1.455156215860443636e+00
3.699999999999999734e+00,3.500800586423395977e-01
3.733333333333333393e+00,-7.021111304845480960e-01
3.766666666666666607e+00,2.943485599152724230e-01
3.799999999999999822e+00,1.452986241701959447e+00
3.833333333333333481e+00,3.272665923291978585e-01
3.866666666666666696e+00,-7.125764886800958209e-01
3.899999999999999911e+00,-1.801126339255607611e+00
3.933333333333333126e+00,-6.575107770369335025e-01
3.966666666666666785e+00,3.203608083301744403e-01
4.000000000000000000e+00,6.646328622051015378e-01
4.033333333333333215e+00,-4.455406850141465092e-01
4.066666666666666430e+00,-1.414406907883910769e+00
4.099999999999999645e+00,-4.277061805532325067e-01
4.133333333333332860e+00,5.896674888205909459e-01
4.166666666666666963e+00,1.503776941116611754e+00
4.200000000000000178e+00,3.106102449379303243e-01
4.233333333333333393e+00,-7.001045990489209725e-01
4.266666666666666607e+00,4.175776532924472262e-01
4.299999999999999822e+00,1.316935166570172289e+00
4.333333333333333037e+00,1.947776768464351271e-01
4.366666666666666252e+00,-8.567297265731039779e-01
4.400000000000000355e+00,2.252983317913247463e-01
4.433333333333333570e+00,6.919890093641547502e-01
4.466666666666666785e+00,-3.157325979805040705e-01
4.500000000000000000e+00,-1.401912064978688477e+00
4.533333333333333215e+00,-2.713399087150452083e-01
4.566666666666666430e+00,6.987400954626897809e-01
4.599999999999999645e+00,-3.633519071134169165e-01
4.633333333333332860e+00,-1.481953868935327545e+00
4.666666666666666963e+00,-5.118468218543666959e-01
4.700000000000000178e+00,4.952078586892850742e-01
4.733333333333333393e+00,1.488508589541401861e+00
4.766666666666666607e+00,3.392408304933469121e-01
4.799999999999999822e+00,-8.062583865870925903e-01
4.833333333333333037e+00,2.010424509632211254e-01
4.866666666666666252e+00,1.194538463579015275e+00
4.900000000000000355e+00,6.327638974339813704e-02
4.933333333333333570e+00,-1.064872365089146067e+00
4.966666666666666785e+00,-8.357252752976375432e-02
5.000000000000000000e+00,8.837780557764924882e-01
5.033333333333333215e+00,-2.007633079493815198e-01
5.066666666666666430e+00,-4.815699918774870025e-01
5.099999999999999645e+00,4.748779401262375743e-01
5.133333333333332860e+00,1.425017280972484368e+00
5.166666666666666963e+00,3.310871390505464862e-01
5.200000000000000178e+00,-7.680389544661319068e-01
5.233333333333333393e+00,-1.035901391013869938e-01
5.266666666666666607e+00,8.466766646385036621e-01
5.299999999999999822e+00,-1.550610157623900087e-01
5.333333333333333037e+00,-1.278610865746993674e+00
5.366666666666666252e+00,-1.148552122514125973e-01
5.400000000000000355e+00,1.029195759434240909e+00
5.433333333333333570e+00,4.477727532630407237e-02
5.466666666666666785e+00,-9.170255974811412081e-01
5.500000000000000000e+00,-1.964856365393138571e+00
5.533333333333333215e+00,-8.551247645158970290e-01
5.566666666666666430e+00,7.990993000103270572e-02
5.599999999999999645e+00,1.166409604531174482e+00
5.633333333333332860e+00,1.243007316373676840e-01
5.666666666666666963e+00,-8.411961520977673246e-01
5.700000000000000178e+00,6.948456462897605046e-02
5.733333333333333393e+00,9.787891058657607335e-01
5.766666666666666607e+00,-1.141702611030482040e-01
5.799999999999999822e+00,-1.226636304899456187e+00
5.833333333333333037e+00,-2.112730586927082099e-01
5.866666666666666252e+00,8.111253660290170808e-01
5.900000000000000355e+00,1.699878642074972745e+00
5.933333333333333570e+00,4.741301517982476899e-01
5.966666666666666785e+00,-4.562858479061148720e-01
6.000000000000000000e+00,6.192700649590546780e-01
6.033333333333333215e+00,9.466080324572208049e-01
6.066666666666666430e+00,-1.990663660046959327e-01
6.099999999999999645e+00,-1.245226272913363852e+00
6.133333333333332860e+00,-2.262805084201666705e-01
6.166666666666666963e+00,8.755168028868242081e-01
6.200000000000000178e+00,-1.821085627904915905e-01
6.233333333333333393e+00,-1.265931725304707989e+00
6.266666666666666607e+00,-2.797806591416266420e-01
6.299999999999999822e+00,7.011002379927594452e-01
6.333333333333333037e+00,-3.993054541039139371e-01
6.366666666666666252e+00,-5.919795396161250389e-01
6.400000000000000355e+00,3.768271776304410459e-01
6.433333333333333570e+00,1.317006438816966218e+00
6.466666666666666785e+00,2.528779755537218787e-01
6.500000000000000000e+00,-8.429249626191246403e-01
6.533333333333333215e+00,1.413861711081366157e-01
6.566666666666666430e+00,1.127261275222626313e+00
6.599999999999999645e+00,-1.909074181251513291e-02
6.633333333333332860e+00,-1.177427913994844033e+00
6.666666666666666963e+00,-1.429928300429598453e-01
6.700000000000000178e+00,8.927450344749596756e-01
6.733333333333333393e+00,-2.909657105101599583e-01
6.766666666666666607e+00,-1.485723112380256339e+00
6.799999999999999822e+00,-4.267407618775987954e-01
6.833333333333333037e+00,6.328780329691561235e-01
6.866666666666666252e+00,-5.459876966020307254e-01
6.899999999999999467e+00,-1.745766261310088829e+00
6.933333333333333570e+00,-6.952684422886683535e-01
6.966666666666666785e+00,3.451993172243629227e-01
7.000000000000000000e+00,1.276968840319193221e+00
7.033333333333333215e+00,1.074666278849030765e-01
7.066666666666666430e+00,-5.611597430273668197e-01
7.099999999999999645e+00,4.235221414102676718e-01
7.133333333333332860e+00,1.408631510782541119e+00
7.166666666666666963e+00,3.379360394949887936e-01
7.200000000000000178e+00,-7.975506708739177331e-01
7.233333333333333393e+00,1.392615768739820514e-01
7.266666666666666607e+00,1.234012418696981861e+00
7.299999999999999822e+00,1.850322401472794809e+00
7.333333333333333037e+00,7.678637115751107967e-01
7.366666666666666252e+00,-3.170474173694328712e-01
7.399999999999999467e+00,-1.471672738428555727e+00
7.433333333333333570e+00,-5.341481944088309897e-01
7.466666666666666785e+00,4.931171998997272432e-01
7.500000000000000000e+00,7.090189711976093712e-01
7.533333333333333215e+00,-4.662254234191434143e-01
7.566666666666666430e+00,-1.643691339168355636e+00
7.599999999999999645e+00,-5.987588272914293741e-01
7.633333333333332860e+00,4.385552478018859834e-01
7.666666666666666963e+00,1.348782058870798606e+00
7.700000000000000178e+00,1.591443450683876770e-01
7.733333333333333393e+00,-8.807466658503910750e-01
7.766666666666666607e+00,-1.272735010917013243e-01
7.799999999999999822e+00,7.867563533067531978e-01
7.833333333333333037e+00,-3.977792010484191287e-01
7.866666666666666252e+00,-1.438059256372010486e+00
7.899999999999999467e+00,-4.010139248334960715e-01
7.933333333333333570e+00,5.163611192834921537e-01
7.966666666666666785e+00,-6.643487263272442878e-01
8.000000000000000000e+00,-2.647679431562722785e-01
8.033333333333333215e+00,7.609551126529257026e-01
8.066666666666666430e+00,-4.006609597730038663e-01
8.099999999999999645e+00,-4.862638392505448937e-01
8.133333333333332860e+00,5.199117752810868964e-01
8.166666666666666075e+00,1.515177646452589011e+00
8.199999999999999289e+00,3.900432508691165090e-01
8.233333333333332504e+00,-6.811374747398049045e-01
8.266666666666665719e+00,3.556472610691904790e-02
8.300000000000000711e+00,1.009981489339637495e+00
8.333333333333333925e+00,-1.032072560247593584e-01
8.366666666666667140e+00,-1.122504135533920255e+00
8.400000000000000355e+00,-1.276920457165728884e-01
8.433333333333333570e+00,8.584511016028735231e-01
8.466666666666666785e+00,-3.118195318598529497e-01
8.500000000000000000e+00,-1.472940102059380418e+00
8.533333333333333215e+00,-3.907237552261541014e-01
8.566666666666666430e+00,6.295512715771447443e-01
8.599999999999999645e+00,8.392240911442000462e-01
8.633333333333332860e+00,-2.998272267092852994e-01
8.666666666666666075e+00,-1.048552249827750193e+00
8.699999999999999289e+00,-4.057352065747198144e-02
8.733333333333332504e+00,9.304344978929466325e-01
8.766666666666665719e+00,4.143937254428400330e-01
8.800000000000000711e+00,-7.277360654827411679e-01
8.833333333333333925e+00,2.081339983379989489e-01
8.866666666666667140e+00,1.336118415708510421e+00
8.900000000000000355e+00,2.390735071089126473e-01
8.933333333333333570e+00,-7.238779145475682242e-01
8.966666666666666785e+00,3.952816065640364362e-01
9.000000000000000000e+00,1.531538394619776700e+00
9.033333333333333215e+00,5.938329500810315409e-01
9.066666666666666430e+00,-5.036908845030625415e-01
9.099999999999999645e+00,-1.506579642694119592e+00
9.133333333333332860e+00,-5.714971099651376951e-01
9.166666666666666075e+00,3.605069092262248587e-01
9.199999999999999289e+00,-7.296860238175546520e-01
9.233333333333332504e+00,-8.003340373188407852e-01
9.266666666666665719e+00,1.798818026956972016e-01
9.300000000000000711e+00,1.187726904870744615e+00
9.333333333333333925e+00,7.749455975045932421e-02
9.366666666666667140e+00,-1.030615989427859924e+00
9.400000000000000355e+00,-7.493125092108843255e-02
9.433333333333333570e+00,8.677996340433909994e-01
9.466666666666666785e+00,-1.867426921155265762e-01
9.500000000000000000e+00,-1.197108444123907933e+00
9.533333333333333215e+00,-2.497090677627846200e-01
9.566666666666666430e+00,8.120185157993885516e-01
9.599999999999999645e+00,-2.452617467373706672e-01
9.633333333333332860e+00,-4.409298147200903517e-01
9.666666666666666075e+00,4.850355973452259994e-01
9.699999999999999289e+00,1.423788885416336747e+00
9.733333333333332504e+00,2.900029825006759099e-01
9.766666666666665719e+00,-8.651054229156009967e-01
9.800000000000000711e+00,2.420090636332765111e-01
9.833333333333333925e+00,1.265190142372440985e+00
9.866666666666667140e+00,2.686603757581370600e-01
9.900000000000000355e+00,-7.701286069653014987e-01
9.933333333333333570e+00,-1.065161725827777683e+00
9.966666666666666785e+00,9.137399991749889372e-02
1.000000000000000000e+01,1.175618893439037027e+00
1.003333333333333321e+01,1.664129962498944737e-01
1.006666666666666643e+01,-8.522116924555607209e-01
1.009999999999999964e+01,-1.673865727150536387e+00
1.013333333333333286e+01,-6.010391737912845755e-01
1.016666666666666607e+01,4.606907179791264184e-01
1.019999999999999929e+01,9.985700728709463458e-01
1.023333333333333250e+01,9.615951106116134295e-02
1.026666666666666572e+01,-1.033826932192691839e+00
1.030000000000000071e+01,2.234262823881977278e-02
1.033333333333333393e+01,9.745125792746194282e-01
1.036666666666666714e+01,-1.081727709135050786e-01
1.040000000000000036e+01,-1.178943496968771987e+00
1.043333333333333357e+01,-1.583661208364020301e-01
1.046666666666666679e+01,7.441706668794253465e-01
1.050000000000000000e+01,1.626308851117709287e+00
1.053333333333333321e+01,6.311355886517517888e-01
1.056666666666666643e+01,-4.044362347493705712e-01
1.059999999999999964e+01,-9.232151555555434541e-01
1.063333333333333286e+01,1.068444853554958995e-01
1.066666666666666607e+01,1.146240662415754397e+00
1.069999999999999929e+01,7.906025675659356100e-02
1.073333333333333250e+01,-8.616736348275135793e-01
1.076666666666666572e+01,8.827841922502613348e-02
1.080000000000000071e+01,1.168856365543772702e+00
1.083333333333333393e+01,1.286613546848362488e-01
1.086666666666666714e+01,-8.624999032546289968e-01
1.090000000000000036e+01,-1.440588321799312510e+00
1.093333333333333357e+01,-3.082291787887913581e-01
1.096666666666666679e+01,7.853748372636584207e-01
1.100000000000000000e+01,-1.831234984134490207e-01
1.103333333333333321e+01,-1.146979279198785395e+00
1.106666666666666643e+01,-5.053711256061210744e-02
1.109999999999999964e+01,1.053008659160589833e+00
1.113333333333333286e+01,1.024294567613467932e-01
1.116666666666666607e+01,-8.434039693643738955e-01
1.119999999999999929e+01,1.981718332673263472e-01
1.123333333333333250e+01,1.260999580272240017e+00
1.126666666666666572e+01,3.300267805058988979e-01
1.130000000000000071e+01,-5.753501739463987574e-01
1.133333333333333393e+01,-1.155111065408344517e+00
1.136666666666666714e+01,-1.248964267567878317e-01
1.140000000000000036e+01,9.738593096580808739e-01
1.143333333333333357e+01,5.812124014074783462e-02
1.146666666666666679e+01,-9.673915707606388636e-01
1.150000000000000000e+01,1.309495826865314794e-01
1.153333333333333321e+01,1.149545815251649783e+00
1.156666666666666643e+01,1.486708761815691560e-01
1.159999999999999964e+01,-8.632873625796129158e-01
1.163333333333333286e+01,2.664387795906829615e-01
1.166666666666666607e+01,1.373219637866972764e+00
1.169999999999999929e+01,3.455785090159455564e-01
1.173333333333333250e+01,-6.765062740809728581e-01
1.176666666666666572e+01,-1.285425909578220116e+00
1.180000000000000071e+01,-1.079132934033239510e-01
1.183333333333333393e+01,9.447054033061189626e-01
1.186666666666666714e+01,-8.715463446826668403e-02
1.190000000000000036e+01,-1.006160582562991790e+00
1.193333333333333357e+01,1.739189129189454563e-01
1.196666666666666679e+01,1.222185902351658804e+00
