0.000000000000000000e+00,-3.014323390605984976e+00
3.333333333333333287e-02,1.628092468553746786e+00
6.666666666666666574e-02,1.622479568686888030e+00
1.000000000000000056e-01,1.616895870026571647e+00
1.333333333333333315e-01,1.611340803428908730e+00
1.666666666666666574e-01,1.605813821672678054e+00
2.000000000000000111e-01,2.898070627842566083e-01
2.333333333333333370e-01,-6.784526120739278188e-01
2.666666666666666630e-01,-1.578883363514050897e+00
2.999999999999999889e-01,-2.377554745267950853e+00
3.333333333333333148e-01,-3.408646728236150558e+00
3.666666666666666408e-01,-4.231154051938901262e+00
4.000000000000000222e-01,-5.013946081542393962e+00
4.333333333333333481e-01,-3.906325256440641436e+00
4.666666666666666741e-01,-2.940714261380465544e+00
5.000000000000000000e-01,-1.992568585256497604e+00
5.333333333333333259e-01,-9.680393134774641917e-01
5.666666666666666519e-01,6.103619042541746920e-02
5.999999999999999778e-01,9.802708785945588588e-01
6.333333333333333037e-01,1.995985569839605622e+00
6.666666666666666297e-01,2.852276524189003570e+00
6.999999999999999556e-01,3.828236899462202913e+00
7.333333333333332815e-01,2.802134182607188162e+00
7.666666666666666075e-01,1.850144493694771741e+00
8.000000000000000444e-01,2.920969882577887144e+00
8.333333333333333703e-01,3.954308151823672901e+00
8.666666666666666963e-01,2.952174103813170802e+00
9.000000000000000222e-01,1.987554422808700982e+00
9.333333333333333481e-01,1.032128673819646236e+00
9.666666666666666741e-01,1.789928603148221997e-02
1.000000000000000000e+00,-9.914001582087694775e-01
1.033333333333333215e+00,-5.874123483732242301e-02
1.066666666666666652e+00,1.086206401253857701e+00
1.100000000000000089e+00,4.246836472882922764e-02
1.133333333333333304e+00,-9.777368445951523102e-01
1.166666666666666741e+00,-2.066359429084957178e+00
1.199999999999999956e+00,-1.563886609900167590e+00
1.233333333333333393e+00,-5.586806518305319491e-01
1.266666666666666607e+00,-1.611255651452577986e+00
1.300000000000000044e+00,-2.734834997530807055e+00
1.333333333333333259e+00,-1.753691453913697629e+00
1.366666666666666696e+00,-7.244146248677830746e-01
1.399999999999999911e+00,3.146168622762530731e-01
1.433333333333333348e+00,4.336421101915206577e-01
1.466666666666666563e+00,-6.947605930791417306e-01
1.500000000000000000e+00,3.217802156509964595e-01
1.533333333333333215e+00,1.330938859860995471e+00
1.566666666666666652e+00,3.243257923250505992e-01
1.600000000000000089e+00,-7.716217909302227618e-01
1.633333333333333304e+00,3.061673592839385671e-01
1.666666666666666741e+00,1.245836610908274134e+00
1.699999999999999956e+00,2.440369487392739511e-01
1.733333333333333393e+00,-8.474913473651352058e-01
1.766666666666666607e+00,2.328356445087481352e-01
1.800000000000000044e+00,1.207391253074461046e+00
1.833333333333333259e+00,1.255511290429969451e+00
1.866666666666666696e+00,1.153114530729618947e-01
1.899999999999999911e+00,-8.741853609415901616e-01
1.933333333333333348e+00,1.355937330962327936e-01
1.966666666666666563e+00,1.251008969890758937e+00
2.000000000000000000e+00,1.105201923335341341e-01
2.033333333333333215e+00,-8.947701047988904088e-01
2.066666666666666430e+00,1.220640799144033228e-01
2.100000000000000089e+00,1.277879133388219790e+00
2.133333333333333304e+00,1.291081540890566537e-01
2.166666666666666519e+00,-9.191661717274905996e-01
2.200000000000000178e+00,-2.001585614935251223e-01
2.233333333333333393e+00,1.000025486216649107e+00
2.266666666666666607e+00,-1.055924910865909949e-01
2.299999999999999822e+00,-1.190703064441724024e+00
2.333333333333333481e+00,-1.464761047424223195e+00
2.366666666666666696e+00,-2.871210980654293476e-01
2.399999999999999911e+00,8.719989314294309679e-01
2.433333333333333126e+00,-1.628934555251214666e-01
2.466666666666666785e+00,-1.191266610274531290e+00
2.500000000000000000e+00,-5.927635882412179980e-02
2.533333333333333215e+00,1.028086008988692734e+00
2.566666666666666430e+00,3.610074619028355580e-02
2.600000000000000089e+00,-9.403463200239551290e-01
2.633333333333333304e+00,-3.137701620828237115e-01
2.666666666666666519e+00,7.290448797529415215e-01
2.700000000000000178e+00,-1.895361486799839734e-01
2.733333333333333393e+00,-1.099937495241991581e+00
2.766666666666666607e+00,-8.385848561751954588e-02
2.799999999999999822e+00,9.270362783150418728e-01
2.833333333333333481e+00,1.463859867299853457e-02
2.866666666666666696e+00,-9.124367578884915453e-01
2.899999999999999911e+00,1.378493601175974637e-01
2.933333333333333126e+00,1.193200047843897771e+00
2.966666666666666785e+00,2.225590047139096583e-01
3.000000000000000000e+00,-7.639074781300447814e-01
3.033333333333333215e+00,3.641515684994581226e-01
3.066666666666666430e+00,1.497249668039751569e+00
3.100000000000000089e+00,4.362002568953017301e-01
3.133333333333333304e+00,-6.400361951752373546e-01
3.166666666666666519e+00,3.494042512633836473e-01
3.200000000000000178e+00,1.544654617895398152e+00
3.233333333333333393e+00,4.574369669210734957e-01
3.266666666666666607e+00,-5.801522226158142281e-01
3.299999999999999822e+00,-1.720241086703630629e+00
3.333333333333333481e+00,-5.322423445934623132e-01
3.366666666666666696e+00,4.903363714632380521e-01
3.399999999999999911e+00,-3.303125617162958605e-01
3.433333333333333126e+00,-1.438273343697558992e+00
3.466666666666666785e+00,-2.659249236474795497e-01
3.500000000000000000e+00,7.699701152020643757e-01
3.533333333333333215e+00,6.887498311225600522e-01
3.566666666666666430e+00,-4.915062537329712988e-01
3.600000000000000089e+00,1.948824993874269662e-01
3.633333333333333304e+00,1.253746183489576671e+00
3.666666666666666519e+00,2.296293192651147064e-01
3.699999999999999734e+00,-9.032673160048915184e-01
3.733333333333333393e+00,7.588684606574679081e-02
3.766666666666666607e+00,1.053569195605070563e+00
3.799999999999999822e+00,-6.202433314347743920e-02
3.833333333333333481e+00,-1.121563543887121206e+00
3.866666666666666696e+00,-7.827485375541171075e-02
3.899999999999999911e+00,9.723314919654280075e-01
3.933333333333333126e+00,-1.612352031963336929e-01
3.966666666666666785e+00,-1.149083296456606451e+00
4.000000000000000000e+00,-1.017071687233145894e-01
4.033333333333333215e+00,1.009000595094087238e+00
4.066666666666666430e+00,3.141797255095191144e-02
4.099999999999999645e+00,-9.954404727906271955e-01
4.133333333333332860e+00,-1.505341039605831321e+00
4.166666666666666963e+00,-4.625573863214712533e-01
4.200000000000000178e+00,6.764790139982160833e-01
4.233333333333333393e+00,-4.571120537957071850e-01
4.266666666666666607e+00,-2.592492543238956726e-01
4.299999999999999822e+00,7.166324462690060182e-01
4.333333333333333037e+00,8.107213181130694668e-01
4.366666666666666252e+00,-2.692046215001770992e-01
4.400000000000000355e+00,-1.214281657540878037e-02
4.433333333333333570e+00,9.593109236195451750e-01
4.466666666666666785e+00,-6.017544961154119854e-02
4.500000000000000000e+00,-1.139240521362728131e+00
4.533333333333333215e+00,-1.025961538014319441e-02
4.566666666666666430e+00,9.647977735544451816e-01
4.599999999999999645e+00,1.004536482725355784e+00
4.633333333333332860e+00,-9.722301289865173390e-02
4.666666666666666963e+00,-8.564133775052549247e-01
4.700000000000000178e+00,1.886319900731667221e-01
4.733333333333333393e+00,1.235860552664471257e+00
4.766666666666666607e+00,9.682624503926418047e-02
4.799999999999999822e+00,-1.033864670889760973e+00
4.833333333333333037e+00,-2.717670390071522113e-02
4.866666666666666252e+00,9.819635952856481387e-01
4.900000000000000355e+00,-1.350132242976413988e-01
4.933333333333333570e+00,-1.244595149183707061e+00
4.966666666666666785e+00,-2.424538315303876312e-01
5.000000000000000000e+00,7.631325124868589826e-01
5.033333333333333215e+00,-1.572619254954822077e-01
5.066666666666666430e+00,-9.754375716950564046e-01
5.099999999999999645e+00,1.854180370087939178e-02
5.133333333333332860e+00,1.003618456643300183e+00
5.166666666666666963e+00,-7.071956146842295343e-02
5.200000000000000178e+00,-1.124458601136005154e+00
5.233333333333333393e+00,-1.748667054349250238e-01
5.266666666666666607e+00,7.533721489140440264e-01
5.299999999999999822e+00,1.656914001947210391e+00
5.333333333333333037e+00,6.131228535850246075e-01
5.366666666666666252e+00,-5.398103933228456386e-01
5.400000000000000355e+00,-1.533832905119840939e+00
5.433333333333333570e+00,-4.924245108151382722e-01
5.466666666666666785e+00,5.547332123107198143e-01
5.500000000000000000e+00,1.260384860710172639e+00
5.533333333333333215e+00,1.364025534908500370e-01
5.566666666666666430e+00,-9.418958785594290228e-01
5.599999999999999645e+00,6.131795863509235944e-02
5.633333333333332860e+00,1.249256666234904056e+00
5.666666666666666963e+00,3.384733049789617754e-01
5.700000000000000178e+00,-7.230651863004856628e-01
5.733333333333333393e+00,-1.782217275215959962e+00
5.766666666666666607e+00,-5.997160192212185326e-01
5.799999999999999822e+00,5.672989881869225925e-01
5.833333333333333037e+00,-4.921565387366593769e-01
5.866666666666666252e+00,-1.546298873917839156e+00
5.900000000000000355e+00,-5.145672687077037510e-01
5.933333333333333570e+00,6.188068140815589091e-01
5.966666666666666785e+00,1.598201008457754924e+00
6.000000000000000000e+00,6.670174478341760471e-01
6.033333333333333215e+00,-4.314350908025743614e-01
6.066666666666666430e+00,4.563677287083003908e-01
6.099999999999999645e+00,1.171360454089473757e+00
6.133333333333332860e+00,2.903673948825353235e-01
6.166666666666666963e+00,-7.225158511392200111e-01
6.200000000000000178e+00,-2.215970742100025481e-01
6.233333333333333393e+00,7.843713008950223831e-01
6.266666666666666607e+00,-1.551649959836295667e-01
6.299999999999999822e+00,-1.137973743668880156e+00
6.333333333333333037e+00,-2.352851761239183048e-02
6.366666666666666252e+00,1.034863249087514481e+00
6.400000000000000355e+00,2.004754617066811795e-02
6.433333333333333570e+00,-9.837970462815006645e-01
6.466666666666666785e+00,-4.368412819926748569e-01
6.500000000000000000e+00,6.477028729395060136e-01
6.533333333333333215e+00,-3.129464655807508988e-01
6.566666666666666430e+00,-1.268489031278975387e+00
6.599999999999999645e+00,-2.045362858479751467e-01
6.633333333333332860e+00,8.437701581531763528e-01
6.666666666666666963e+00,-1.025980645450702278e-01
6.700000000000000178e+00,-1.045847949650448916e+00
6.733333333333333393e+00,1.508723719957166809e-02
6.766666666666666607e+00,1.061093618802410044e+00
6.799999999999999822e+00,9.383986063253803300e-02
6.833333333333333037e+00,-8.713841235352387526e-01
6.866666666666666252e+00,2.082756499118196547e-01
6.899999999999999467e+00,1.296665521927661047e+00
6.933333333333333570e+00,2.679629128365667023e-01
6.966666666666666785e+00,-7.680920329803910818e-01
7.000000000000000000e+00,3.569695946888981064e-01
7.033333333333333215e+00,1.503829208950647311e+00
7.066666666666666430e+00,3.044178637568096812e-01
7.099999999999999645e+00,-6.922156541508975858e-01
7.133333333333332860e+00,3.853215702851319757e-01
7.166666666666666963e+00,1.151171843742804679e+00
7.200000000000000178e+00,-3.495498342740582798e-02
7.233333333333333393e+00,-9.758907011759236916e-01
7.266666666666666607e+00,-9.030367858095176281e-01
7.299999999999999822e+00,1.237669123653036829e-01
7.333333333333333037e+00,-8.420230156262070720e-02
7.366666666666666252e+00,-1.127507616043642358e+00
7.399999999999999467e+00,-1.577402057528599633e-01
7.433333333333333570e+00,7.674846009377749301e-01
7.466666666666666785e+00,-1.255748593384923006e-01
7.500000000000000000e+00,-1.096772612303175132e+00
7.533333333333333215e+00,-9.082711263316831096e-02
7.566666666666666430e+00,9.160805758934246201e-01
7.599999999999999645e+00,-2.333842815305349483e-02
7.633333333333332860e+00,-9.732711874109754024e-01
7.666666666666666963e+00,3.107414418830992120e-02
7.700000000000000178e+00,1.083597261963004987e+00
7.733333333333333393e+00,-3.082809427614829900e-02
7.766666666666666607e+00,-9.585492329541930312e-01
7.799999999999999822e+00,3.256115658055562523e-02
7.833333333333333037e+00,1.072253375054385671e+00
7.866666666666666252e+00,-7.448355468582934513e-02
7.899999999999999467e+00,-1.005953134063936938e+00
7.933333333333333570e+00,4.689724348555965316e-02
7.966666666666666785e+00,1.149120234097260829e+00
8.000000000000000000e+00,9.736646040696853022e-02
8.033333333333333215e+00,-8.851585001166726308e-01
8.066666666666666430e+00,2.229608785499773149e-01
8.099999999999999645e+00,1.300340374016041300e+00
8.133333333333332860e+00,3.158541338830980760e-01
8.166666666666666075e+00,-6.587750577124622531e-01
8.199999999999999289e+00,3.924272806336134289e-01
8.233333333333332504e+00,9.137327351721623581e-01
8.266666666666665719e+00,-2.800453898618041060e-02
8.300000000000000711e+00,-9.316494974999939283e-01
8.333333333333333925e+00,6.695414795101334304e-02
8.366666666666667140e+00,1.630081760224066645e-01
8.400000000000000355e+00,-7.638195081354833826e-01
8.433333333333333570e+00,-1.607687138385617054e+00
8.466666666666666785e+00,-5.211222775561046294e-01
8.500000000000000000e+00,5.800997861019301371e-01
8.533333333333333215e+00,6.231810984004284570e-01
8.566666666666666430e+00,-4.094779417419974199e-01
8.599999999999999645e+00,-4.162982485819817779e-01
8.633333333333332860e+00,7.265296899129922714e-01
8.666666666666666075e+00,4.318476385728374778e-01
8.699999999999999289e+00,-5.797424734480380870e-01
8.733333333333332504e+00,4.391281229091474891e-01
8.766666666666665719e+00,1.550211179716316501e+00
8.800000000000000711e+00,4.120259622942881728e-01
8.833333333333333925e+00,-5.796569482361237924e-01
8.866666666666667140e+00,-1.679392955229196183e+00
8.900000000000000355e+00,-5.654084759467670196e-01
8.933333333333333570e+00,4.346067782864612150e-01
8.966666666666666785e+00,1.584826922906854563e+00
9.000000000000000000e+00,4.348154337697702765e-01
9.033333333333333215e+00,-6.104952792016093976e-01
9.066666666666666430e+00,-1.579167294502437979e+00
9.099999999999999645e+00,-5.220013278211914631e-01
9.133333333333332860e+00,4.351811397013614080e-01
9.166666666666666075e+00,1.408397264909986291e+00
9.199999999999999289e+00,2.753266982739040469e-01
9.233333333333332504e+00,-7.681906088850966041e-01
9.266666666666665719e+00,2.621834758184962144e-01
9.300000000000000711e+00,8.567576665573881645e-01
9.333333333333333925e+00,-2.803920184421250794e-01
9.366666666666667140e+00,-1.405759568826707051e+00
9.400000000000000355e+00,-3.877157902872463424e-01
9.433333333333333570e+00,6.309689794293126264e-01
9.466666666666666785e+00,-5.076580576385558707e-01
9.500000000000000000e+00,-3.287287643524325897e-01
9.533333333333333215e+00,7.027347658420154408e-01
9.566666666666666430e+00,-5.154573895569264375e-02
9.599999999999999645e+00,-1.203810594702326320e+00
9.633333333333332860e+00,-2.088576600071260225e-01
9.666666666666666075e+00,8.137532309839797806e-01
9.699999999999999289e+00,1.824430846486533531e+00
9.733333333333332504e+00,7.170241754189012884e-01
9.766666666666665719e+00,-3.663720613115895031e-01
9.800000000000000711e+00,-1.292662518221354917e+00
9.833333333333333925e+00,-3.441934873319005828e-01
9.866666666666667140e+00,7.107549118674294508e-01
9.900000000000000355e+00,8.583119797876442858e-01
9.933333333333333570e+00,-2.032021096270812399e-01
9.966666666666666785e+00,-1.328339988239070735e+00
1.000000000000000000e+01,-1.630138333127372496e-01
1.003333333333333321e+01,8.038299156811685720e-01
1.006666666666666643e+01,4.198458283245055100e-01
1.009999999999999964e+01,-6.142516865415775795e-01
1.013333333333333286e+01,4.871225479675820313e-01
1.016666666666666607e+01,1.384257163218302500e+00
1.019999999999999929e+01,3.517350830871564527e-01
1.023333333333333250e+01,-5.984855856473627611e-01
1.026666666666666572e+01,-1.747159976640039858e+00
1.030000000000000071e+01,-6.404079384618883708e-01
1.033333333333333393e+01,3.946193130576484132e-01
1.036666666666666714e+01,6.789234459059576565e-01
1.040000000000000036e+01,-4.971593791983237032e-01
1.043333333333333357e+01,-1.478961302025412428e+00
1.046666666666666679e+01,-4.108820253215123008e-01
1.050000000000000000e+01,6.503615009709008410e-01
1.053333333333333321e+01,1.607526600087215707e+00
1.056666666666666643e+01,4.829989208937192080e-01
1.059999999999999964e+01,-5.726236350842240919e-01
1.063333333333333286e+01,-2.461443897693413319e-01
1.066666666666666607e+01,9.326812334160671236e-01
1.069999999999999929e+01,-2.009180170770967222e-01
1.073333333333333250e+01,-1.255404321864708628e+00
1.076666666666666572e+01,-2.784555469032319319e-01
1.080000000000000071e+01,9.136366029063721639e-01
1.083333333333333393e+01,-1.888642841820708795e-01
1.086666666666666714e+01,-1.177048181764679846e+00
1.090000000000000036e+01,-1.664085266116697714e-01
1.093333333333333357e+01,9.677486053820091305e-01
1.096666666666666679e+01,1.136192157574627215e+00
1.100000000000000000e+01,1.473563888482025686e-01
1.103333333333333321e+01,-8.321389220400113862e-01
1.106666666666666643e+01,2.490260213263699451e-01
1.109999999999999964e+01,1.309426431760975174e+00
1.113333333333333286e+01,3.527946206055001532e-01
1.116666666666666607e+01,-5.965244682805717069e-01
1.119999999999999929e+01,-2.133196665181925633e-01
1.123333333333333250e+01,8.656925541241949906e-01
1.126666666666666572e+01,-1.231931570659921538e-01
1.130000000000000071e+01,-1.138212106030711102e+00
1.133333333333333393e+01,-1.517449019880199867e-01
1.136666666666666714e+01,9.885894390130047782e-01
1.140000000000000036e+01,-2.883118541046925110e-02
1.143333333333333357e+01,-1.017982888061357283e+00
1.146666666666666679e+01,-1.334943282869644365e+00
1.150000000000000000e+01,-2.115528040777923946e-01
1.153333333333333321e+01,8.453712097887040589e-01
1.156666666666666643e+01,-1.483237452862944949e-01
1.159999999999999964e+01,-1.207559274958441620e+00
1.163333333333333286e+01,-6.878457899003836973e-02
1.166666666666666607e+01,1.018519524321862102e+00
1.169999999999999929e+01,-1.481972540147341588e-03
1.173333333333333250e+01,-1.023650819256688216e+00
1.176666666666666572e+01,2.412649791454002379e-03
1.180000000000000071e+01,1.117822603114934310e+00
1.183333333333333393e+01,-3.163700570217919950e-03
1.186666666666666714e+01,-9.585601764195578189e-01
1.190000000000000036e+01,3.544751392891128117e-02
1.193333333333333357e+01,1.119588966477677250e+00
1.196666666666666679e+01,-1.573398594593516941e-02
