0.000000000000000000e+00,-3.711473019384863709e-02
3.333333333333333287e-02,4.887992405661040901e-02
6.666666666666666574e-02,4.875154166296380431e-02
1.000000000000000056e-01,4.866699437530516009e-02
1.333333333333333315e-01,4.862511163354615168e-02
1.666666666666666574e-01,4.862462304024214865e-02
2.000000000000000111e-01,-5.674850268247584317e-01
2.333333333333333370e-01,7.661230368868777729e-01
2.666666666666666630e-01,1.550197296894643806e+00
2.999999999999999889e-01,4.996415153007519594e-01
3.333333333333333148e-01,-3.081414909776676314e-01
3.666666666666666408e-01,-1.120277329329745886e+00
4.000000000000000222e-01,1.586759834186937668e-01
4.333333333333333481e-01,8.358315162095198980e-01
4.666666666666666741e-01,1.056067065515903930e-01
5.000000000000000000e-01,-4.793499842726893223e-01
5.333333333333333259e-01,-1.580174387401688252e-01
5.666666666666666519e-01,1.490323262910963065e-01
5.999999999999999778e-01,1.098155354607327716e+00
6.333333333333333037e-01,6.905955944370215649e-01
6.666666666666666297e-01,-6.968014103664006420e-01
6.999999999999999556e-01,-6.132212613246285082e-02
7.333333333333332815e-01,8.490637863456186318e-01
7.666666666666666075e-01,-4.920954550972989061e-02
8.000000000000000444e-01,-1.105124195634753947e+00
8.333333333333333703e-01,3.337845350961088364e-02
8.666666666666666963e-01,1.272715686047060313e+00
9.000000000000000222e-01,-2.688361623306687043e-02
9.333333333333333481e-01,-1.374880151710339948e+00
9.666666666666666741e-01,-1.413361762075292238e-01
1.000000000000000000e+00,1.198619279537609161e+00
1.033333333333333215e+00,3.486125187964048688e-01
1.066666666666666652e+00,-1.066838494613647992e+00
1.100000000000000089e+00,-2.117874654380580979e-01
1.133333333333333304e+00,9.558066865959919944e-01
1.166666666666666741e+00,-1.541698671711043411e-02
1.199999999999999956e+00,-9.599908754771273589e-01
1.233333333333333393e+00,9.920406877057427741e-02
1.266666666666666607e+00,1.180283313909848530e+00
1.300000000000000044e+00,-3.841723694554793900e-03
1.333333333333333259e+00,-1.191309335842140937e+00
1.366666666666666696e+00,6.352490819805367561e-02
1.399999999999999911e+00,1.090470332230196515e+00
1.433333333333333348e+00,-1.978230418717937811e-01
1.466666666666666563e+00,-1.523529780328898076e+00
1.500000000000000000e+00,-2.555578565027096793e-01
1.533333333333333215e+00,9.950672411575693932e-01
1.566666666666666652e+00,-1.860947034348997553e-01
1.600000000000000089e+00,-1.496804137216171338e+00
1.633333333333333304e+00,-3.122933363059228196e-01
1.666666666666666741e+00,9.373424202490047152e-01
1.699999999999999956e+00,2.195765380937414191e-01
1.733333333333333393e+00,-1.043133849517175582e+00
1.766666666666666607e+00,1.587540251007254211e-01
1.800000000000000044e+00,1.360449773619031522e+00
1.833333333333333259e+00,1.500068720509995790e-01
1.866666666666666696e+00,-1.039427280644985352e+00
1.899999999999999911e+00,1.916167884561924550e-01
1.933333333333333348e+00,1.330542313376935848e+00
1.966666666666666563e+00,4.590536314893126080e-02
2.000000000000000000e+00,-1.123348076644353544e+00
2.033333333333333215e+00,1.248122399953844885e-01
2.066666666666666430e+00,1.257306986428349926e+00
2.100000000000000089e+00,-2.436481704519824487e-02
2.133333333333333304e+00,-1.195232190763405367e+00
2.166666666666666519e+00,3.690583722557411184e-02
2.200000000000000178e+00,1.183179338647723400e+00
2.233333333333333393e+00,-7.100974342309782084e-02
2.266666666666666607e+00,-1.279597156716975714e+00
2.299999999999999822e+00,-9.370841929446424579e-02
2.333333333333333481e+00,1.122167127603385772e+00
2.366666666666666696e+00,-9.028941987986405238e-02
2.399999999999999911e+00,-1.293627299958140187e+00
2.433333333333333126e+00,-1.261656244072333899e-01
2.466666666666666785e+00,1.032629861731148901e+00
2.500000000000000000e+00,-1.610835545741163555e-01
2.533333333333333215e+00,-1.358789540289435438e+00
2.566666666666666430e+00,-1.869107269714517239e-01
2.600000000000000089e+00,9.952276846197947169e-01
2.633333333333333304e+00,-2.171047599664274463e-01
2.666666666666666519e+00,-1.322666059023020813e+00
2.700000000000000178e+00,-1.237140998666998448e-01
2.733333333333333393e+00,1.069996185606329142e+00
2.766666666666666607e+00,2.524123960273946810e-01
2.799999999999999822e+00,-9.741092087081630879e-01
2.833333333333333481e+00,2.185194414803789953e-01
2.866666666666666696e+00,1.406185544876158877e+00
2.899999999999999911e+00,1.827947890347554338e-01
2.933333333333333126e+00,-1.033601907388554064e+00
2.966666666666666785e+00,1.518507743355042572e-01
3.000000000000000000e+00,1.330072109383990231e+00
3.033333333333333215e+00,1.206289602452166043e-01
3.066666666666666430e+00,-1.079817343433762566e+00
3.100000000000000089e+00,8.760764980994448226e-02
3.133333333333333304e+00,1.243033715355494007e+00
3.166666666666666519e+00,1.210749237064635275e-01
3.200000000000000178e+00,-1.116211622294911887e+00
3.233333333333333393e+00,2.258585015974570731e-02
3.266666666666666607e+00,1.266640730750276056e+00
3.299999999999999822e+00,8.465991706886666357e-02
3.333333333333333481e+00,-1.170698090350487774e+00
3.366666666666666696e+00,1.330147994488889429e-02
3.399999999999999911e+00,1.208515411115987259e+00
3.433333333333333126e+00,-3.229200868924703149e-02
3.466666666666666785e+00,-1.239445615114724841e+00
3.500000000000000000e+00,-2.475174799398888181e-02
3.533333333333333215e+00,1.155956065449988079e+00
3.566666666666666430e+00,-7.534455866883144060e-02
3.600000000000000089e+00,-1.306968420187212931e+00
3.633333333333333304e+00,-1.572886236983506991e-01
3.666666666666666519e+00,1.068457941434604486e+00
3.699999999999999734e+00,-1.382068920620400099e-01
3.733333333333333393e+00,-1.282427344935105129e+00
3.766666666666666607e+00,-8.917667268409401604e-02
3.799999999999999822e+00,1.062817558686018238e+00
3.833333333333333481e+00,-1.827481863472352197e-01
3.866666666666666696e+00,-1.280946369602522505e+00
3.899999999999999911e+00,1.826166243187021809e-02
3.933333333333333126e+00,1.207565821775969717e+00
3.966666666666666785e+00,6.726614552117121670e-03
4.000000000000000000e+00,-1.227468372670400765e+00
4.033333333333333215e+00,-4.650917747050314910e-03
4.066666666666666430e+00,1.215851606479183555e+00
4.099999999999999645e+00,5.421939635343978048e-02
4.133333333333332860e+00,-1.104205300360400210e+00
4.166666666666666963e+00,8.606294106803627497e-02
4.200000000000000178e+00,1.222500709518958617e+00
4.233333333333333393e+00,-7.104253594233142510e-02
4.266666666666666607e+00,-1.215626127021774749e+00
4.299999999999999822e+00,4.217324717998122141e-02
4.333333333333333037e+00,1.200203588212924277e+00
4.366666666666666252e+00,-1.069375267431097731e-01
4.400000000000000355e+00,-1.282399695936714545e+00
4.433333333333333570e+00,-4.033353964776476008e-02
4.466666666666666785e+00,1.103718407431459436e+00
4.500000000000000000e+00,-1.674064302083352884e-01
4.533333333333333215e+00,-1.362178424206267779e+00
4.566666666666666430e+00,-1.502202065628759908e-01
4.599999999999999645e+00,1.050465289490719600e+00
4.633333333333332860e+00,2.236225380085653247e-01
4.666666666666666963e+00,-9.586083967017952068e-01
4.700000000000000178e+00,1.585759791401747665e-01
4.733333333333333393e+00,1.282178351514709824e+00
4.766666666666666607e+00,1.123591022585338495e-01
4.799999999999999822e+00,-1.062371691039837751e+00
4.833333333333333037e+00,9.180314569093453447e-02
4.866666666666666252e+00,1.249368219698784754e+00
4.900000000000000355e+00,4.695943559662804634e-02
4.933333333333333570e+00,-1.158686194077118703e+00
4.966666666666666785e+00,2.255788237886865999e-02
5.000000000000000000e+00,1.204486567547732090e+00
5.033333333333333215e+00,-1.676824040577865049e-02
5.066666666666666430e+00,-1.231592514420879247e+00
5.099999999999999645e+00,-2.776749275243023396e-02
5.133333333333332860e+00,1.187093713835446707e+00
5.166666666666666963e+00,-8.732629328880689434e-02
5.200000000000000178e+00,-1.371656985109175553e+00
5.233333333333333393e+00,-1.148383748015630867e-01
5.266666666666666607e+00,1.142618270127083724e+00
5.299999999999999822e+00,-9.172380388320855449e-03
5.333333333333333037e+00,-1.253371518740656665e+00
5.366666666666666252e+00,-1.197507795304692535e-01
5.400000000000000355e+00,1.034536811384620725e+00
5.433333333333333570e+00,-1.103684175367064813e-01
5.466666666666666785e+00,-1.264562780497658467e+00
5.500000000000000000e+00,-2.750925422497882411e-02
5.533333333333333215e+00,1.208416317869702494e+00
5.566666666666666430e+00,4.740661871197532351e-02
5.599999999999999645e+00,-1.273148732079681489e+00
5.633333333333332860e+00,-6.939624297204807779e-02
5.666666666666666963e+00,1.202639232868197183e+00
5.700000000000000178e+00,1.168420507921735518e-01
5.733333333333333393e+00,-1.055557350621086021e+00
5.766666666666666607e+00,1.335336756296099658e-01
5.799999999999999822e+00,1.292442419429542744e+00
5.833333333333333037e+00,1.842937168047412977e-01
5.866666666666666252e+00,-8.957178039137495551e-01
5.900000000000000355e+00,3.226548331879744991e-01
5.933333333333333570e+00,1.435782976115738352e+00
5.966666666666666785e+00,1.820647330302988254e-01
6.000000000000000000e+00,-9.913010980689176410e-01
6.033333333333333215e+00,1.955294699936066527e-01
6.066666666666666430e+00,1.456567710810400929e+00
6.099999999999999645e+00,2.935140521536093172e-01
6.133333333333332860e+00,-9.524721740148810456e-01
6.166666666666666963e+00,-8.273595792236627666e-01
6.200000000000000178e+00,4.398424657067560029e-01
6.233333333333333393e+00,6.750976886764182838e-01
6.266666666666666607e+00,-5.547189288852566458e-01
6.299999999999999822e+00,-1.482251252483323345e+00
6.333333333333333037e+00,-2.408771359531726719e-01
6.366666666666666252e+00,9.662291736329853276e-01
6.400000000000000355e+00,3.352528162435364223e-03
6.433333333333333570e+00,-1.204124226251209073e+00
6.466666666666666785e+00,3.608031065096717338e-02
6.500000000000000000e+00,1.292447464884457942e+00
6.533333333333333215e+00,7.810306890060636498e-02
6.566666666666666430e+00,-1.126576323200210172e+00
6.599999999999999645e+00,1.112555589337426154e-01
6.633333333333332860e+00,1.335776508597707579e+00
6.666666666666666963e+00,1.484028435549919478e-01
6.700000000000000178e+00,-1.027413768989821063e+00
6.733333333333333393e+00,1.736970299209673885e-01
6.766666666666666607e+00,1.360095105839491891e+00
6.799999999999999822e+00,2.060071471506760565e-01
6.833333333333333037e+00,-9.342151183893239175e-01
6.866666666666666252e+00,2.708554067433312229e-02
6.899999999999999467e+00,1.170238357251791816e+00
6.933333333333333570e+00,6.138766284714489152e-02
6.966666666666666785e+00,-1.029607576639214539e+00
7.000000000000000000e+00,-3.401237384751923387e-02
7.033333333333333215e+00,1.121693050901390265e+00
7.066666666666666430e+00,-1.485689194499395516e-02
7.099999999999999645e+00,-1.193287915353650197e+00
7.133333333333332860e+00,-9.379085751277244087e-02
7.166666666666666963e+00,1.169913260682597045e+00
7.200000000000000178e+00,2.886909874329485204e-02
7.233333333333333393e+00,-1.220978516867774033e+00
7.266666666666666607e+00,-6.973810979439618030e-02
7.299999999999999822e+00,1.133823107775400407e+00
7.333333333333333037e+00,-7.639777243479087265e-02
7.366666666666666252e+00,-1.395554544657995999e+00
7.399999999999999467e+00,-7.663717135612907461e-02
7.433333333333333570e+00,1.185968681620958032e+00
7.466666666666666785e+00,-3.973318312440302091e-02
7.500000000000000000e+00,-1.289196861697353036e+00
7.533333333333333215e+00,-2.795604829617706621e-02
7.566666666666666430e+00,1.208982674506726251e+00
7.599999999999999645e+00,2.211006233644796648e-02
7.633333333333332860e+00,-1.140663624438488233e+00
7.666666666666666963e+00,8.338845833719568668e-02
7.700000000000000178e+00,1.299476629202985345e+00
7.733333333333333393e+00,1.175176423469598275e-02
7.766666666666666607e+00,-1.197855964060723366e+00
7.799999999999999822e+00,3.969477632799123246e-02
7.833333333333333037e+00,1.261548449614221301e+00
7.866666666666666252e+00,3.226693819416426301e-05
7.899999999999999467e+00,-1.172908716606765545e+00
7.933333333333333570e+00,1.312195341374294832e-02
7.966666666666666785e+00,1.179459462241065903e+00
8.000000000000000000e+00,1.379556449938898477e-02
8.033333333333333215e+00,-1.138983415638788133e+00
8.066666666666666430e+00,4.168032582295072563e-02
8.099999999999999645e+00,1.208677847565933439e+00
8.133333333333332860e+00,3.821066251034843653e-02
8.166666666666666075e+00,-1.155483232265435589e+00
8.199999999999999289e+00,1.088615887211090427e-01
8.233333333333332504e+00,1.337293771102375795e+00
8.266666666666665719e+00,8.907023497215724173e-02
8.300000000000000711e+00,-1.166940573182433827e+00
8.333333333333333925e+00,-3.769976822059047938e-01
8.366666666666667140e+00,8.729828956179510602e-01
8.400000000000000355e+00,-3.590053624270792554e-01
8.433333333333333570e+00,-1.559714873509173483e+00
8.466666666666666785e+00,-3.485190738602791383e-01
8.500000000000000000e+00,8.263477339671595479e-01
8.533333333333333215e+00,-3.691875187195121921e-02
8.566666666666666430e+00,-1.157509436507887735e+00
8.599999999999999645e+00,6.277881278589766967e-02
8.633333333333332860e+00,1.235534972361859829e+00
8.666666666666666075e+00,5.495546128715056433e-03
8.699999999999999289e+00,-1.134778501025474728e+00
8.733333333333332504e+00,3.337739585823021327e-02
8.766666666666665719e+00,1.222512087523444757e+00
8.800000000000000711e+00,3.823168135525725764e-02
8.833333333333333925e+00,-1.179216660869269351e+00
8.866666666666667140e+00,3.028804253603359364e-02
8.900000000000000355e+00,1.266733217542965528e+00
8.933333333333333570e+00,7.008821202792681060e-02
8.966666666666666785e+00,-1.117335743986426433e+00
9.000000000000000000e+00,5.795649396116875351e-02
9.033333333333333215e+00,1.219418526117660218e+00
9.066666666666666430e+00,-7.123095126273798483e-02
9.099999999999999645e+00,-1.204685375944095860e+00
9.133333333333332860e+00,5.976849080633692135e-02
9.166666666666666075e+00,1.287395588374930622e+00
9.199999999999999289e+00,5.231775390622744881e-02
9.233333333333332504e+00,-1.150505525513048743e+00
9.266666666666665719e+00,8.636335483627965992e-03
9.300000000000000711e+00,1.180472477471874004e+00
9.333333333333333925e+00,-1.896713092115276389e-02
9.366666666666667140e+00,-1.227060009628577086e+00
9.400000000000000355e+00,-3.640269933921022605e-02
9.433333333333333570e+00,1.160174096750592465e+00
9.466666666666666785e+00,-8.652600566395982074e-02
9.500000000000000000e+00,-1.314589239860210590e+00
9.533333333333333215e+00,-1.230702309850067733e-01
9.566666666666666430e+00,1.151442587909531357e+00
9.599999999999999645e+00,-6.826272489602927540e-02
9.633333333333332860e+00,-1.312051145714065115e+00
9.666666666666666075e+00,-1.058520551712948954e-01
9.699999999999999289e+00,1.087756076873147348e+00
9.733333333333332504e+00,-1.355088901713731309e-01
9.766666666666665719e+00,-1.337348387115019133e+00
9.800000000000000711e+00,-1.540109213741384653e-01
9.833333333333333925e+00,1.045964587324725192e+00
9.866666666666667140e+00,3.940365968268257912e-01
9.900000000000000355e+00,-7.995138167220954273e-01
9.933333333333333570e+00,3.784500024838816090e-01
9.966666666666666785e+00,1.569004404906940930e+00
1.000000000000000000e+01,3.504252825763706225e-01
1.003333333333333321e+01,-8.245747863494516938e-01
1.006666666666666643e+01,-4.873429381582174980e-01
1.009999999999999964e+01,7.027431444492753254e-01
1.013333333333333286e+01,-4.679626536186828889e-01
1.016666666666666607e+01,-1.152529064998551345e+00
1.019999999999999929e+01,8.342804309618040426e-02
1.023333333333333250e+01,1.354485864148317065e+00
1.026666666666666572e+01,1.943311862700395909e-01
1.030000000000000071e+01,-1.080098161798837442e+00
1.033333333333333393e+01,9.266157736243016418e-02
1.036666666666666714e+01,1.289431768156272806e+00
1.040000000000000036e+01,8.508780689156050792e-02
1.043333333333333357e+01,-1.054341659693780686e+00
1.046666666666666679e+01,1.231009443637287870e-01
1.050000000000000000e+01,1.335094883642552688e+00
1.053333333333333321e+01,1.083362282429300161e-01
1.056666666666666643e+01,-1.163960928731807565e+00
1.059999999999999964e+01,1.694108772505131810e-02
1.063333333333333286e+01,1.213947059618234237e+00
1.066666666666666607e+01,-8.909181798571003119e-03
1.069999999999999929e+01,-1.254182838356094898e+00
1.073333333333333250e+01,-8.846648395629655437e-02
1.076666666666666572e+01,1.140364110881402215e+00
1.080000000000000071e+01,-3.163271095321470994e-02
1.083333333333333393e+01,-1.326168966122381221e+00
1.086666666666666714e+01,-2.017154076607767521e-01
1.090000000000000036e+01,1.028202242338078332e+00
1.093333333333333357e+01,-1.506922086816136208e-01
1.096666666666666679e+01,-1.338614330296242994e+00
1.100000000000000000e+01,-1.322482586525895454e-01
1.103333333333333321e+01,1.079962103075277735e+00
1.106666666666666643e+01,-1.843083172161585070e-01
1.109999999999999964e+01,-1.454791010102513882e+00
1.113333333333333286e+01,-2.104749426280758395e-01
1.116666666666666607e+01,1.037458189869058689e+00
1.119999999999999929e+01,4.313783118367142122e-01
1.123333333333333250e+01,-8.579507573848310642e-01
1.126666666666666572e+01,3.748008894152599080e-01
1.130000000000000071e+01,1.587226734514365800e+00
1.133333333333333393e+01,4.033555243438092797e-01
1.136666666666666714e+01,-8.717070798969321910e-01
1.140000000000000036e+01,-7.401149799563080389e-01
1.143333333333333357e+01,4.999259484336925352e-01
1.146666666666666679e+01,5.240901144949452473e-01
1.150000000000000000e+01,-7.096572550365926046e-01
1.153333333333333321e+01,-6.105274502196446074e-01
1.156666666666666643e+01,5.646573417087296098e-01
1.159999999999999964e+01,6.732607793331571999e-01
1.163333333333333286e+01,-5.124427884219611151e-01
1.166666666666666607e+01,-1.205147026841145719e+00
1.169999999999999929e+01,-7.179824712877438952e-02
1.173333333333333250e+01,1.045254993562818591e+00
1.176666666666666572e+01,-1.581504414189856267e-01
1.180000000000000071e+01,-1.331609478962946236e+00
1.183333333333333393e+01,-5.524440802218555380e-02
1.186666666666666714e+01,1.107471822146249396e+00
1.190000000000000036e+01,-1.207997410901944513e-01
1.193333333333333357e+01,-1.312206713525707835e+00
1.196666666666666679e+01,-4.425095124825512150e-02
