0.000000000000000000e+00,1.914931670495058705e-02
3.333333333333333287e-02,2.102128344852606870e-02
6.666666666666666574e-02,2.318453839138145609e-02
1.000000000000000056e-01,2.588044764060835543e-02
1.333333333333333315e-01,2.912698718493830774e-02
1.666666666666666574e-01,3.295032027721395140e-02
2.000000000000000111e-01,1.774519447513632844e-02
2.333333333333333370e-01,9.255253700626568658e-03
2.666666666666666630e-01,3.934078126062917624e-02
2.999999999999999889e-01,6.864542391633508822e-02
3.333333333333333148e-01,6.794182200122708681e-02
3.666666666666666408e-01,4.184691438227763904e-02
4.000000000000000222e-01,2.709199451705745706e-02
4.333333333333333481e-01,4.845985757822256906e-02
4.666666666666666741e-01,6.267440842676694213e-02
5.000000000000000000e-01,2.770695520478567986e-02
5.333333333333333259e-01,-1.034672932641490968e-02
5.666666666666666519e-01,-6.057272235690699426e-03
5.999999999999999778e-01,2.966826635515231250e-02
6.333333333333333037e-01,4.805957223220417435e-02
6.666666666666666297e-01,2.539621906454527303e-02
6.999999999999999556e-01,1.232644929491694130e-02
7.333333333333332815e-01,3.768971001611410437e-02
7.666666666666666075e-01,5.452268768997527854e-02
8.000000000000000444e-01,3.120068317603773983e-02
8.333333333333333703e-01,1.447535715861146544e-02
8.666666666666666963e-01,3.764568364970564268e-02
9.000000000000000222e-01,5.528414165454157564e-02
9.333333333333333481e-01,3.417497076504083520e-02
9.666666666666666741e-01,1.903273830599558000e-02
1.000000000000000000e+00,4.336198205055330490e-02
1.033333333333333215e+00,6.274329257564606466e-02
1.066666666666666652e+00,4.227321830552808329e-02
1.100000000000000089e+00,2.696980655913036595e-02
1.133333333333333304e+00,5.206891890797358396e-02
1.166666666666666741e+00,6.867884114278173524e-02
1.199999999999999956e+00,4.496554102927270008e-02
1.233333333333333393e+00,2.899477966693925560e-02
1.266666666666666607e+00,5.365097771038718211e-02
1.300000000000000044e+00,7.164137607438270106e-02
1.333333333333333259e+00,5.028144919710271499e-02
1.366666666666666696e+00,3.527560369996339540e-02
1.399999999999999911e+00,5.504045485709125468e-02
1.433333333333333348e+00,6.592153342108482417e-02
1.466666666666666563e+00,3.618623523187108892e-02
1.500000000000000000e+00,1.094658441347686785e-02
1.533333333333333215e+00,2.485744955977192347e-02
1.566666666666666652e+00,3.407212191780258775e-02
1.600000000000000089e+00,2.490289175087563936e-03
1.633333333333333304e+00,-2.368709296869018002e-02
1.666666666666666741e+00,-9.265814504790291853e-03
1.699999999999999956e+00,8.343040262954508346e-03
1.733333333333333393e+00,-8.076101742444677378e-03
1.766666666666666607e+00,-1.933299733357739594e-02
1.800000000000000044e+00,9.147967272499868061e-03
1.833333333333333259e+00,3.213105384258693742e-02
1.866666666666666696e+00,1.520098765216122000e-02
1.899999999999999911e+00,2.731150424026049846e-03
1.933333333333333348e+00,3.007534703463837777e-02
1.966666666666666563e+00,5.099289939499796614e-02
2.000000000000000000e+00,3.158796490963169945e-02
2.033333333333333215e+00,1.685085314663439804e-02
2.066666666666666430e+00,4.195248808050026229e-02
2.100000000000000089e+00,6.127911394909608955e-02
2.133333333333333304e+00,4.010299604810658308e-02
2.166666666666666519e+00,2.243505375923333586e-02
2.200000000000000178e+00,4.477672935521633674e-02
2.233333333333333393e+00,6.232700302391112890e-02
2.266666666666666607e+00,3.895052305906974294e-02
2.299999999999999822e+00,1.784868265365207457e-02
2.333333333333333481e+00,3.656448726923364201e-02
2.366666666666666696e+00,5.129683948735769272e-02
2.399999999999999911e+00,2.552059415074289794e-02
2.433333333333333126e+00,4.313067550069204018e-03
2.466666666666666785e+00,2.203238734288416947e-02
2.500000000000000000e+00,3.453326288127599869e-02
2.533333333333333215e+00,6.384284716096320748e-03
2.566666666666666430e+00,-1.701197643821623917e-02
2.600000000000000089e+00,-7.124870853618420902e-04
2.633333333333333304e+00,1.052065488800983141e-02
2.666666666666666519e+00,-1.790897504131982315e-02
2.700000000000000178e+00,-3.975729605493956431e-02
2.733333333333333393e+00,-2.056881811040045180e-02
2.766666666666666607e+00,8.433203752611122738e-04
2.799999999999999822e+00,-1.495331310134005026e-02
2.833333333333333481e+00,-2.580741580222946016e-02
2.866666666666666696e+00,4.519590955490733822e-03
2.899999999999999911e+00,2.902656848710738480e-02
2.933333333333333126e+00,1.074845807574362037e-02
2.966666666666666785e+00,-2.232000447689275451e-03
3.000000000000000000e+00,2.512560504085153967e-02
3.033333333333333215e+00,4.676623343590707166e-02
3.066666666666666430e+00,2.755640969533687881e-02
3.100000000000000089e+00,1.394559552314746098e-02
3.133333333333333304e+00,3.866266964890097829e-02
3.166666666666666519e+00,5.859253350413933664e-02
3.200000000000000178e+00,3.884491170677621674e-02
3.233333333333333393e+00,2.420490758977187490e-02
3.266666666666666607e+00,4.956689219920833167e-02
3.299999999999999822e+00,6.836302592185866667e-02
3.333333333333333481e+00,4.704776857441961280e-02
3.366666666666666696e+00,3.031148072025431628e-02
3.399999999999999911e+00,5.334348820407998348e-02
3.433333333333333126e+00,7.049001890162097383e-02
3.466666666666666785e+00,4.731310128864021913e-02
3.500000000000000000e+00,2.815206934813648323e-02
3.533333333333333215e+00,4.914556855157089371e-02
3.566666666666666430e+00,6.461666435027288435e-02
3.600000000000000089e+00,3.923973925620739822e-02
3.633333333333333304e+00,1.736492558096115746e-02
3.666666666666666519e+00,3.651420953347520731e-02
3.699999999999999734e+00,5.060323517908672103e-02
3.733333333333333393e+00,2.448213266011383532e-02
3.766666666666666607e+00,4.151347659037558577e-03
3.799999999999999822e+00,2.435125984345359873e-02
3.833333333333333481e+00,3.766197735065283936e-02
3.866666666666666696e+00,1.097070490830620061e-02
3.899999999999999911e+00,-7.881052688621385111e-03
3.933333333333333126e+00,1.373708471970850296e-02
3.966666666666666785e+00,3.121678623223264962e-02
4.000000000000000000e+00,8.175634382046985393e-03
4.033333333333333215e+00,-9.913366054725368179e-03
4.066666666666666430e+00,1.201528790699018905e-02
4.099999999999999645e+00,3.004144516272644339e-02
4.133333333333332860e+00,9.831338983413836705e-03
4.166666666666666963e+00,-6.895816068969586911e-03
4.200000000000000178e+00,1.531119904269826783e-02
4.233333333333333393e+00,3.224875719468814350e-02
4.266666666666666607e+00,8.517118066695054598e-03
4.299999999999999822e+00,-1.051464944897517739e-02
4.333333333333333037e+00,1.137985497923887576e-02
4.366666666666666252e+00,2.714656764926483626e-02
4.400000000000000355e+00,1.761983632176350499e-03
4.433333333333333570e+00,-1.806799485873689104e-02
4.466666666666666785e+00,1.975686756799442060e-03
4.500000000000000000e+00,1.519218333017728455e-02
4.533333333333333215e+00,-1.198679104780679336e-02
4.566666666666666430e+00,-3.485087113712750928e-02
4.599999999999999645e+00,-1.753231307596012090e-02
4.633333333333332860e+00,1.018720145934910292e-03
4.666666666666666963e+00,-1.448604592044823967e-02
4.700000000000000178e+00,-2.553295350591910581e-02
4.733333333333333393e+00,1.256940308125651957e-03
4.766666666666666607e+00,2.313058775682987761e-02
4.799999999999999822e+00,4.501017106273910197e-03
4.833333333333333037e+00,-9.464406376604872148e-03
4.866666666666666252e+00,1.582538939276238385e-02
4.900000000000000355e+00,3.563888141399279563e-02
4.933333333333333570e+00,1.404160346562044644e-02
4.966666666666666785e+00,-2.548989121715854612e-03
5.000000000000000000e+00,2.034502000839698288e-02
5.033333333333333215e+00,3.766543365532563914e-02
5.066666666666666430e+00,1.425729377516196834e-02
5.099999999999999645e+00,-4.319278947050039265e-03
5.133333333333332860e+00,1.707833283792268425e-02
5.166666666666666963e+00,3.293832989069347267e-02
5.200000000000000178e+00,6.011939017675704648e-03
5.233333333333333393e+00,-1.585366240336647664e-02
5.266666666666666607e+00,3.526504928067450331e-03
5.299999999999999822e+00,1.974673527189972633e-02
5.333333333333333037e+00,-5.308394795925880025e-03
5.366666666666666252e+00,-2.714145262926539667e-02
5.400000000000000355e+00,-8.901395419783875509e-03
5.433333333333333570e+00,4.258294611016837962e-03
5.466666666666666785e+00,-2.083473421515109197e-02
5.500000000000000000e+00,-4.011400473876942235e-02
5.533333333333333215e+00,-1.941454468062633193e-02
5.566666666666666430e+00,-1.418410985329673695e-03
5.599999999999999645e+00,-2.438465365906285209e-02
5.633333333333332860e+00,-4.404374952671712834e-02
5.666666666666666963e+00,-2.344689331131500840e-02
5.700000000000000178e+00,-4.464866769881547029e-03
5.733333333333333393e+00,-2.206410560375011293e-02
5.766666666666666607e+00,-3.491900509923493573e-02
5.799999999999999822e+00,-7.923463501275637699e-03
5.833333333333333037e+00,1.482514567671354769e-02
5.866666666666666252e+00,3.934644392931294597e-05
5.900000000000000355e+00,-1.085880490519001117e-02
5.933333333333333570e+00,1.738899199760613606e-02
5.966666666666666785e+00,4.154734771295939127e-02
6.000000000000000000e+00,2.562443394273348010e-02
6.033333333333333215e+00,1.459960634084921278e-02
6.066666666666666430e+00,4.457197675323011643e-02
6.099999999999999645e+00,7.117379432652901072e-02
6.133333333333332860e+00,5.697931424358790298e-02
6.166666666666666963e+00,2.807799633181333812e-02
6.200000000000000178e+00,2.455515462414489813e-02
6.233333333333333393e+00,4.308929526192781939e-02
6.266666666666666607e+00,4.163457581106913552e-02
6.299999999999999822e+00,5.902987871461111771e-03
6.333333333333333037e+00,-2.010558023327851940e-02
6.366666666666666252e+00,-5.559046104448059356e-03
6.400000000000000355e+00,8.619335871096412555e-03
6.433333333333333570e+00,-1.312047244036312899e-02
6.466666666666666785e+00,-2.983270449137870664e-02
6.500000000000000000e+00,-4.974937444613389097e-03
6.533333333333333215e+00,1.528610667835443061e-02
6.566666666666666430e+00,-5.014860191054465108e-03
6.599999999999999645e+00,-1.991104516572306249e-02
6.633333333333332860e+00,7.757596407217240246e-03
6.666666666666666963e+00,3.055274094831482087e-02
6.700000000000000178e+00,1.289819389028803998e-02
6.733333333333333393e+00,8.342786629797988105e-04
6.766666666666666607e+00,3.055509287295059273e-02
6.799999999999999822e+00,5.508499502002345283e-02
6.833333333333333037e+00,4.036153178301964822e-02
6.866666666666666252e+00,2.737402930444416196e-02
6.899999999999999467e+00,5.103666841605165178e-02
6.933333333333333570e+00,6.931496174980381064e-02
6.966666666666666785e+00,5.079727895478235861e-02
7.000000000000000000e+00,3.484877121727945892e-02
7.033333333333333215e+00,5.527184977460940229e-02
7.066666666666666430e+00,7.089183004261317977e-02
7.099999999999999645e+00,4.820939933819628348e-02
7.133333333333332860e+00,3.028567765659908456e-02
7.166666666666666963e+00,5.214293818881749615e-02
7.200000000000000178e+00,6.886920713816581385e-02
7.233333333333333393e+00,4.547122162747856827e-02
7.266666666666666607e+00,2.742148314142831347e-02
7.299999999999999822e+00,4.888336707970707129e-02
7.333333333333333037e+00,6.492964220508815054e-02
7.366666666666666252e+00,3.783345756345470740e-02
7.399999999999999467e+00,1.673196788082955203e-02
7.433333333333333570e+00,3.853946682959867587e-02
7.466666666666666785e+00,5.512630208353724165e-02
7.500000000000000000e+00,3.022442679372608007e-02
7.533333333333333215e+00,1.097788608219388805e-02
7.566666666666666430e+00,3.457455626767372975e-02
7.599999999999999645e+00,5.308333162219507073e-02
7.633333333333332860e+00,3.192496249627041482e-02
7.666666666666666963e+00,1.552214533444833469e-02
7.700000000000000178e+00,4.010760501090187419e-02
7.733333333333333393e+00,5.927447698262230252e-02
7.766666666666666607e+00,3.705268108711037844e-02
7.799999999999999822e+00,1.983025667861441910e-02
7.833333333333333037e+00,4.379559573270571521e-02
7.866666666666666252e+00,6.214382460107005512e-02
7.899999999999999467e+00,4.014183865749266361e-02
7.933333333333333570e+00,2.311949574770471444e-02
7.966666666666666785e+00,4.540552470056253426e-02
8.000000000000000000e+00,6.280210091844497244e-02
8.033333333333333215e+00,4.163014678985813011e-02
8.066666666666666430e+00,2.581705966836514085e-02
8.099999999999999645e+00,4.917752491678448190e-02
8.133333333333332860e+00,6.776866921346180739e-02
8.166666666666666075e+00,4.798487157655514229e-02
8.199999999999999289e+00,3.381776659905268156e-02
8.233333333333332504e+00,6.015504683595870872e-02
8.266666666666665719e+00,8.085359801462281559e-02
8.300000000000000711e+00,6.121084120116931232e-02
8.333333333333333925e+00,3.757592529162043921e-02
8.366666666666667140e+00,4.772779730445054353e-02
8.400000000000000355e+00,5.299106631218715446e-02
8.433333333333333570e+00,1.836970418771488936e-02
8.466666666666666785e+00,-1.095025126893683226e-02
8.500000000000000000e+00,1.247835221338203498e-03
8.533333333333333215e+00,1.381458657430268376e-02
8.566666666666666430e+00,-8.563904461779826838e-03
8.599999999999999645e+00,-2.510408917919982816e-02
8.633333333333332860e+00,-1.339314838128100428e-03
8.666666666666666075e+00,1.718445679064879716e-02
8.699999999999999289e+00,-3.898054847235135970e-03
8.733333333333332504e+00,-2.018691101338947191e-02
8.766666666666665719e+00,3.032846294688517144e-03
8.800000000000000711e+00,2.108127575270344126e-02
8.833333333333333925e+00,-8.572679362317505358e-04
8.866666666666667140e+00,-1.682204244468162718e-02
8.900000000000000355e+00,7.160335655988709844e-03
8.933333333333333570e+00,2.727947642980298182e-02
8.966666666666666785e+00,7.605351763426556125e-03
9.000000000000000000e+00,-6.379573851587365223e-03
9.033333333333333215e+00,1.877483847806674794e-02
9.066666666666666430e+00,3.540663143652291595e-02
9.099999999999999645e+00,1.288884595328907909e-02
9.133333333333332860e+00,-2.192538274202230752e-03
9.166666666666666075e+00,2.303166931295543354e-02
9.199999999999999289e+00,4.249187410249052888e-02
9.233333333333332504e+00,2.105235979640289468e-02
9.266666666666665719e+00,4.371033586940361627e-03
9.300000000000000711e+00,2.710957271696261967e-02
9.333333333333333925e+00,4.460364758307282934e-02
9.366666666666667140e+00,2.101830768556217990e-02
9.400000000000000355e+00,2.568272597939688998e-03
9.433333333333333570e+00,2.342772623857615477e-02
9.466666666666666785e+00,3.860605499947640518e-02
9.500000000000000000e+00,1.342298224052827608e-02
9.533333333333333215e+00,-7.269972440887328795e-03
9.566666666666666430e+00,1.242700047684802862e-02
9.599999999999999645e+00,2.794086960603826483e-02
9.633333333333332860e+00,3.019186941654990620e-03
9.666666666666666075e+00,-1.816550758127901885e-02
9.699999999999999289e+00,-6.210941762045447117e-07
9.733333333333332504e+00,1.375997054494947427e-02
9.766666666666665719e+00,-1.389055596353625660e-02
9.800000000000000711e+00,-3.669063596538366112e-02
9.833333333333333925e+00,-1.954988489320644979e-02
9.866666666666667140e+00,2.757790143487771125e-03
9.900000000000000355e+00,-6.757421262201290628e-03
9.933333333333333570e+00,-1.239979997999409063e-02
9.966666666666666785e+00,2.202976182495040500e-02
1.000000000000000000e+01,5.102052937428279422e-02
1.003333333333333321e+01,4.020895635948108088e-02
1.006666666666666643e+01,1.887884419913967923e-02
1.009999999999999964e+01,2.429632908401806526e-02
1.013333333333333286e+01,2.568041026674817637e-02
1.016666666666666607e+01,-2.566510695199879580e-03
1.019999999999999929e+01,-1.617149199493295858e-02
1.023333333333333250e+01,1.165029283298199027e-02
1.026666666666666572e+01,3.434370989329612461e-02
1.030000000000000071e+01,1.671698513681115286e-02
1.033333333333333393e+01,2.320545406066544351e-03
1.036666666666666714e+01,2.764687592705248123e-02
1.040000000000000036e+01,4.779705465873475279e-02
1.043333333333333357e+01,2.922689048335486844e-02
1.046666666666666679e+01,1.546550259369062520e-02
1.050000000000000000e+01,3.974925864965044714e-02
1.053333333333333321e+01,5.951193955111843542e-02
1.056666666666666643e+01,3.908222866144590163e-02
1.059999999999999964e+01,2.197813743178970991e-02
1.063333333333333286e+01,4.486634119506457269e-02
1.066666666666666607e+01,6.247235468646981232e-02
1.069999999999999929e+01,3.919029149129268225e-02
1.073333333333333250e+01,1.917818745611647030e-02
1.076666666666666572e+01,3.940483681266778587e-02
1.080000000000000071e+01,5.481466291301401866e-02
1.083333333333333393e+01,2.929001608653166236e-02
1.086666666666666714e+01,6.533143557439119106e-03
1.090000000000000036e+01,2.487084958141542318e-02
1.093333333333333357e+01,3.845182562153922484e-02
1.096666666666666679e+01,1.113273538122797925e-02
1.100000000000000000e+01,-1.084243681364771908e-02
1.103333333333333321e+01,7.148527835928827033e-03
1.106666666666666643e+01,1.946805123590955242e-02
1.109999999999999964e+01,-1.023029258744292784e-02
1.113333333333333286e+01,-3.477130927598087035e-02
1.116666666666666607e+01,-1.911602272596953089e-02
1.119999999999999929e+01,3.709706867040877144e-03
1.123333333333333250e+01,-5.136342489272712961e-03
1.126666666666666572e+01,-9.281882529185716060e-03
1.130000000000000071e+01,2.576272470695491548e-02
1.133333333333333393e+01,5.593097911850608561e-02
1.136666666666666714e+01,4.522880040634298660e-02
1.140000000000000036e+01,1.949242749713765363e-02
1.143333333333333357e+01,1.881389584464544101e-02
1.146666666666666679e+01,3.599707741174033859e-02
1.150000000000000000e+01,3.055881493805212568e-02
1.153333333333333321e+01,8.007787890526205446e-03
1.156666666666666643e+01,9.397507761556169945e-03
1.159999999999999964e+01,3.069033015652422244e-02
1.163333333333333286e+01,3.121335633763416134e-02
1.166666666666666607e+01,-3.525994991965080675e-04
1.169999999999999929e+01,-2.001898036339075371e-02
1.173333333333333250e+01,-1.144892632046068262e-03
1.176666666666666572e+01,1.306749680762220485e-02
1.180000000000000071e+01,-1.298638283391411775e-02
1.183333333333333393e+01,-3.366871147827479871e-02
1.186666666666666714e+01,-1.388516249870332640e-02
1.190000000000000036e+01,1.033813478514472150e-03
1.193333333333333357e+01,-2.467995667320281236e-02
1.196666666666666679e+01,-4.487104550643879891e-02
