0.000000000000000000e+00,-1.840353126813607312e-02
3.333333333333333287e-02,2.378910052555015947e-02
6.666666666666666574e-02,5.098977726041465514e-02
1.000000000000000056e-01,7.813997287685536808e-02
1.333333333333333315e-01,1.052156124223189299e-01
1.666666666666666574e-01,1.321058583335457948e-01
2.000000000000000111e-01,1.367080244254023913e-01
2.333333333333333370e-01,1.094986564906587495e-01
2.666666666666666630e-01,5.788828674562160326e-02
2.999999999999999889e-01,-1.792825203591325023e-02
3.333333333333333148e-01,-1.153165960760687142e-01
3.666666666666666408e-01,-2.085439043356323296e-01
4.000000000000000222e-01,-2.816445444470221937e-01
4.333333333333333481e-01,-3.286992319421699338e-01
4.666666666666666741e-01,-3.468622700895659383e-01
5.000000000000000000e-01,-3.476409284904153352e-01
5.333333333333333259e-01,-3.329106081823089425e-01
5.666666666666666519e-01,-2.897464373552076644e-01
5.999999999999999778e-01,-2.110377754220455204e-01
6.333333333333333037e-01,-1.276178519585762783e-01
6.666666666666666297e-01,-7.158978956315920072e-02
6.999999999999999556e-01,-4.668201778826166354e-02
7.333333333333332815e-01,-2.050275129620062614e-02
7.666666666666666075e-01,3.299891515878289328e-02
8.000000000000000444e-01,8.147594415864028994e-02
8.333333333333333703e-01,9.731455227069289726e-02
8.666666666666666963e-01,1.151921846829548068e-01
9.000000000000000222e-01,1.632708458489590397e-01
9.333333333333333481e-01,2.086424882123485702e-01
9.666666666666666741e-01,2.219841971566418881e-01
1.000000000000000000e+00,2.022183341440927928e-01
1.033333333333333215e+00,1.570274527274408971e-01
1.066666666666666652e+00,1.192747872819829719e-01
1.100000000000000089e+00,1.085098645432835129e-01
1.133333333333333304e+00,8.941444963737958662e-02
1.166666666666666741e+00,4.327007422882864218e-02
1.199999999999999956e+00,3.769007576078769756e-03
1.233333333333333393e+00,-7.114008759408530641e-03
1.266666666666666607e+00,-2.241243754535345370e-02
1.300000000000000044e+00,-6.550555883438628768e-02
1.333333333333333259e+00,-1.057652932426630804e-01
1.366666666666666696e+00,-1.169169289161837155e-01
1.399999999999999911e+00,-9.529650093766219021e-02
1.433333333333333348e+00,-7.591766275241750017e-02
1.466666666666666563e+00,-8.644333557451408523e-02
1.500000000000000000e+00,-9.118093513544640871e-02
1.533333333333333215e+00,-6.257807867467915508e-02
1.566666666666666652e+00,-3.617430821532365698e-02
1.600000000000000089e+00,-3.932689720966621449e-02
1.633333333333333304e+00,-3.673393295999447666e-02
1.666666666666666741e+00,-2.270793112825437478e-03
1.699999999999999956e+00,3.009455741973880716e-02
1.733333333333333393e+00,3.521548313997292096e-02
1.766666666666666607e+00,4.172742015176816172e-02
1.800000000000000044e+00,5.929516409639847691e-02
1.833333333333333259e+00,6.243574917531107688e-02
1.866666666666666696e+00,3.902414987530763296e-02
1.899999999999999911e+00,2.102931889359252807e-02
1.933333333333333348e+00,3.271123964874061985e-02
1.966666666666666563e+00,4.267565652692814626e-02
2.000000000000000000e+00,2.690677038518916181e-02
2.033333333333333215e+00,1.641775656129113373e-02
2.066666666666666430e+00,3.504434395548691045e-02
2.100000000000000089e+00,5.200559477394894881e-02
2.133333333333333304e+00,4.322096695471880357e-02
2.166666666666666519e+00,5.320106348494653067e-03
2.200000000000000178e+00,-2.895259071781714974e-02
2.233333333333333393e+00,-3.443039565825233017e-02
2.266666666666666607e+00,-1.441071102327386513e-02
2.299999999999999822e+00,-6.585531082793909686e-04
2.333333333333333481e+00,-1.674333326130303390e-02
2.366666666666666696e+00,-3.087815629911514273e-02
2.399999999999999911e+00,-1.886864373651249427e-02
2.433333333333333126e+00,-1.198020005905482688e-02
2.466666666666666785e+00,-3.431338070834352022e-02
2.500000000000000000e+00,-5.479219176904787103e-02
2.533333333333333215e+00,-4.876174263944060838e-02
2.566666666666666430e+00,-1.358762479374726537e-02
2.600000000000000089e+00,1.748922948914864370e-02
2.633333333333333304e+00,1.997705684236791498e-02
2.666666666666666519e+00,1.902787427614014044e-03
2.700000000000000178e+00,-6.002477802181134005e-03
2.733333333333333393e+00,1.610122156716619485e-02
2.766666666666666607e+00,3.640798674859822837e-02
2.799999999999999822e+00,3.035072389975178309e-02
2.833333333333333481e+00,1.225225658289663851e-02
2.866666666666666696e+00,1.039999649193085358e-02
2.899999999999999911e+00,1.723784892208886713e-02
2.933333333333333126e+00,5.970345679559135692e-03
2.966666666666666785e+00,-1.893632462471991684e-05
3.000000000000000000e+00,1.573987071138640073e-02
3.033333333333333215e+00,2.251632861112481607e-02
3.066666666666666430e+00,2.102977223078922753e-03
3.100000000000000089e+00,-1.293086121643117863e-02
3.133333333333333304e+00,3.723515537805443566e-03
3.166666666666666519e+00,1.822120991040048626e-02
3.200000000000000178e+00,4.910631094548688694e-03
3.233333333333333393e+00,-8.937717805051290793e-03
3.266666666666666607e+00,3.564578159669250148e-03
3.299999999999999822e+00,1.401278379449225758e-02
3.333333333333333481e+00,-2.854912908466162354e-03
3.366666666666666696e+00,-1.441771936359345294e-02
3.399999999999999911e+00,2.439663738047419901e-04
3.433333333333333126e+00,9.593374478805682601e-03
3.466666666666666785e+00,-7.945568932162477491e-03
3.500000000000000000e+00,-2.023282566521366135e-02
3.533333333333333215e+00,-2.556174870784729079e-03
3.566666666666666430e+00,1.307205715265780804e-02
3.600000000000000089e+00,2.187101269318323174e-03
3.633333333333333304e+00,-2.815195182604445998e-02
3.666666666666666519e+00,-4.782134422166241239e-02
3.699999999999999734e+00,-3.872785772027148576e-02
3.733333333333333393e+00,-3.304866863066603655e-02
3.766666666666666607e+00,-5.259945435277795650e-02
3.799999999999999822e+00,-6.506174001505876658e-02
3.833333333333333481e+00,-4.900892919907685191e-02
3.866666666666666696e+00,-2.257847470241030469e-02
3.899999999999999911e+00,-1.444215005407844393e-02
3.933333333333333126e+00,-5.680425773696095269e-03
3.966666666666666785e+00,2.403843685968520827e-02
4.000000000000000000e+00,4.598374229545305891e-02
4.033333333333333215e+00,3.875877200387084498e-02
4.066666666666666430e+00,3.609674103547143992e-02
4.099999999999999645e+00,5.181655495160070873e-02
4.133333333333332860e+00,5.514830081063144818e-02
4.166666666666666963e+00,2.954983774867795190e-02
4.200000000000000178e+00,8.439223092334658186e-03
4.233333333333333393e+00,1.587384897979569540e-02
4.266666666666666607e+00,1.975190010603487811e-02
4.299999999999999822e+00,-5.499831149499933430e-03
4.333333333333333037e+00,-2.702348684937062526e-02
4.366666666666666252e+00,-1.996840402030244932e-02
4.400000000000000355e+00,-1.379253197531962911e-02
4.433333333333333570e+00,-3.134437157544113506e-02
4.466666666666666785e+00,-4.281462040216038600e-02
4.500000000000000000e+00,-2.566576236936319796e-02
4.533333333333333215e+00,-1.111636739235268533e-02
4.566666666666666430e+00,-2.580144052715047445e-02
4.599999999999999645e+00,-3.771552272757922736e-02
4.633333333333332860e+00,-2.089272782242300452e-02
4.666666666666666963e+00,8.764247506441079361e-03
4.700000000000000178e+00,2.213997402147222307e-02
4.733333333333333393e+00,6.142005797314283901e-03
4.766666666666666607e+00,-6.980218753247741797e-03
4.799999999999999822e+00,6.376464140042709290e-03
4.833333333333333037e+00,3.137628072217594349e-02
4.866666666666666252e+00,3.899561198600644263e-02
4.900000000000000355e+00,2.270386937115934783e-02
4.933333333333333570e+00,1.319683409639419054e-02
4.966666666666666785e+00,3.285133084124938069e-02
5.000000000000000000e+00,4.808146903859378957e-02
5.033333333333333215e+00,3.483150608723591113e-02
5.066666666666666430e+00,2.476709069743702335e-02
5.099999999999999645e+00,4.384632925351812649e-02
5.133333333333332860e+00,6.023684777766220855e-02
5.166666666666666963e+00,4.766261798530564697e-02
5.200000000000000178e+00,8.992921483568887264e-03
5.233333333333333393e+00,-2.309984309537676389e-02
5.266666666666666607e+00,-2.410012694574016970e-02
5.299999999999999822e+00,-2.008855614163265746e-02
5.333333333333333037e+00,-3.766209149191342143e-02
5.366666666666666252e+00,-4.993874155688846767e-02
5.400000000000000355e+00,-3.124154374767215692e-02
5.433333333333333570e+00,-1.470460187697376735e-02
5.466666666666666785e+00,-2.526935135619709158e-02
5.500000000000000000e+00,-3.062575764399656092e-02
5.533333333333333215e+00,-5.510213181449600921e-03
5.566666666666666430e+00,1.755110669885100519e-02
5.599999999999999645e+00,1.333497582413587998e-02
5.633333333333332860e+00,-2.910073767725304661e-04
5.666666666666666963e+00,5.035420536105356809e-03
5.700000000000000178e+00,8.399936274872274455e-03
5.733333333333333393e+00,-1.476572049599511258e-02
5.766666666666666607e+00,-3.270781638105595135e-02
5.799999999999999822e+00,-2.114185702450032539e-02
5.833333333333333037e+00,-1.145806628921793371e-02
5.866666666666666252e+00,-2.608592170007561009e-02
5.900000000000000355e+00,-3.440717925307251041e-02
5.933333333333333570e+00,-1.345574138825556855e-02
5.966666666666666785e+00,5.606173373702874087e-03
6.000000000000000000e+00,-1.912836168560475480e-03
6.033333333333333215e+00,-4.255944077460144422e-03
6.066666666666666430e+00,2.407125320598966708e-02
6.099999999999999645e+00,5.028389060671701466e-02
6.133333333333332860e+00,4.835833392994276503e-02
6.166666666666666963e+00,2.150217482777323080e-02
6.200000000000000178e+00,2.871618842724497217e-03
6.233333333333333393e+00,1.256913930202662941e-02
6.266666666666666607e+00,1.779784890031841510e-02
6.299999999999999822e+00,-5.988469447687839661e-03
6.333333333333333037e+00,-2.519987545254600420e-02
6.366666666666666252e+00,-1.596486136432680517e-02
6.400000000000000355e+00,-5.911566847312870084e-03
6.433333333333333570e+00,-2.129943452119818434e-02
6.466666666666666785e+00,-3.275158332346956441e-02
6.500000000000000000e+00,-1.569093317079161068e-02
6.533333333333333215e+00,-1.955284130132059484e-03
6.566666666666666430e+00,-1.740726132473494059e-02
6.599999999999999645e+00,-2.953504766707760673e-02
6.633333333333332860e+00,-1.307881563971356048e-02
6.666666666666666963e+00,1.010710102386431879e-02
6.700000000000000178e+00,1.135541337753759664e-02
6.733333333333333393e+00,1.531035395484264643e-02
6.766666666666666607e+00,4.495017481279753313e-02
6.799999999999999822e+00,6.948559093226901184e-02
6.833333333333333037e+00,6.474173470603629410e-02
6.866666666666666252e+00,2.935798539607554700e-02
6.899999999999999467e+00,-4.093990497832340932e-03
6.933333333333333570e+00,-1.090081442906783334e-02
6.966666666666666785e+00,1.132800929258494932e-02
7.000000000000000000e+00,3.050891587063709470e-02
7.033333333333333215e+00,2.086483252038869723e-02
7.066666666666666430e+00,-8.104991969102244608e-04
7.099999999999999645e+00,-4.806487204848208621e-03
7.133333333333332860e+00,9.985791143303176555e-04
7.166666666666666963e+00,-1.179342566151946742e-02
7.200000000000000178e+00,-2.158152969709353775e-02
7.233333333333333393e+00,-2.344501696781198848e-03
7.266666666666666607e+00,1.321896521999228226e-02
7.299999999999999822e+00,5.176053169478111109e-05
7.333333333333333037e+00,-1.102026404389278708e-02
7.366666666666666252e+00,5.636270849336505288e-03
7.399999999999999467e+00,1.811127233524451388e-02
7.433333333333333570e+00,1.898619421581912870e-03
7.466666666666666785e+00,-1.244769622230122025e-02
7.500000000000000000e+00,8.088389974741517618e-04
7.533333333333333215e+00,9.874942347213391119e-03
7.566666666666666430e+00,-9.709272484777648274e-03
7.599999999999999645e+00,-2.543842772331877250e-02
7.633333333333332860e+00,-1.223852057898856989e-02
7.666666666666666963e+00,-3.448643753084232062e-03
7.700000000000000178e+00,-2.328294207533969026e-02
7.733333333333333393e+00,-3.907449701086688348e-02
7.766666666666666607e+00,-2.597520078132972352e-02
7.799999999999999822e+00,-1.747515946553000743e-02
7.833333333333333037e+00,-3.758184526788443947e-02
7.866666666666666252e+00,-5.349724434920886257e-02
7.899999999999999467e+00,-4.056226192691626820e-02
7.933333333333333570e+00,-2.457239839267929410e-02
7.966666666666666785e+00,-3.114798401866741839e-02
8.000000000000000000e+00,-3.374439907112822962e-02
8.033333333333333215e+00,-7.488176210771556492e-03
8.066666666666666430e+00,1.448159822807652992e-02
8.099999999999999645e+00,7.698695793810105513e-03
8.133333333333332860e+00,4.255901633674013737e-03
8.166666666666666075e+00,2.974454291929286634e-02
8.199999999999999289e+00,5.160496687841438501e-02
8.233333333333332504e+00,4.464992855554966028e-02
8.266666666666665719e+00,3.767367598314999566e-02
8.300000000000000711e+00,5.288007903984846825e-02
8.333333333333333925e+00,6.151249484610948198e-02
8.366666666666667140e+00,4.130617380727845400e-02
8.400000000000000355e+00,2.312179885502818957e-02
8.433333333333333570e+00,3.413653872347967994e-02
8.466666666666666785e+00,4.265404435757421536e-02
8.500000000000000000e+00,2.225221957674599835e-02
8.533333333333333215e+00,-5.595275170338639276e-03
8.566666666666666430e+00,-1.237876068915538461e-02
8.599999999999999645e+00,-2.332986852565919686e-02
8.633333333333332860e+00,-4.501521185926060653e-02
8.666666666666666075e+00,-4.926326867809831950e-02
8.699999999999999289e+00,-3.079438418026158794e-02
8.733333333333332504e+00,-2.156583654110318451e-02
8.766666666666665719e+00,-4.091379222328255655e-02
8.800000000000000711e+00,-5.690076543121603408e-02
8.833333333333333925e+00,-4.376223958219410681e-02
8.866666666666667140e+00,-3.253098139332724625e-02
8.900000000000000355e+00,-4.015286991879887801e-02
8.933333333333333570e+00,-3.805777200344596933e-02
8.966666666666666785e+00,-6.937820100112674152e-03
9.000000000000000000e+00,1.969132726773064820e-02
9.033333333333333215e+00,1.772054752410096370e-02
9.066666666666666430e+00,1.899818228111414820e-02
9.099999999999999645e+00,4.205060475880386534e-02
9.133333333333332860e+00,5.526603561004041210e-02
9.166666666666666075e+00,3.989929379371787155e-02
9.199999999999999289e+00,2.787879467011762993e-02
9.233333333333332504e+00,4.496537250856617873e-02
9.266666666666665719e+00,5.786016371550064402e-02
9.300000000000000711e+00,4.219223150682076956e-02
9.333333333333333925e+00,9.892756025863719965e-03
9.366666666666667140e+00,-8.677273241669053797e-03
9.400000000000000355e+00,3.046384659782390685e-03
9.433333333333333570e+00,1.290587667059856988e-02
9.466666666666666785e+00,-4.562250944606530481e-03
9.500000000000000000e+00,-1.656592264413248028e-02
9.533333333333333215e+00,-7.003616218094640272e-03
9.566666666666666430e+00,-6.205083705947224415e-03
9.599999999999999645e+00,-3.284802446159217765e-02
9.633333333333332860e+00,-5.399865290676587187e-02
9.666666666666666075e+00,-4.444178923999652503e-02
9.699999999999999289e+00,-3.682154390880969241e-02
9.733333333333332504e+00,-5.606646013162705500e-02
9.766666666666665719e+00,-6.884368684065585164e-02
9.800000000000000711e+00,-5.052820362437063229e-02
9.833333333333333925e+00,-2.445924408450714932e-02
9.866666666666667140e+00,-1.897070842653848788e-02
9.900000000000000355e+00,-8.010516893964692714e-03
9.933333333333333570e+00,2.535194861970713892e-02
9.966666666666666785e+00,5.016912212723838305e-02
1.000000000000000000e+01,4.744998296906487861e-02
1.003333333333333321e+01,3.627087372637232549e-02
1.006666666666666643e+01,4.420244644308569948e-02
1.009999999999999964e+01,5.038358784833765758e-02
1.013333333333333286e+01,2.980453241052153160e-02
1.016666666666666607e+01,1.466385604244221930e-02
1.019999999999999929e+01,2.964052743149637320e-02
1.023333333333333250e+01,4.284186929472904443e-02
1.026666666666666572e+01,2.968279307719838209e-02
1.030000000000000071e+01,2.324499172421981910e-03
1.033333333333333393e+01,-1.033783339604676943e-02
1.036666666666666714e+01,5.814045075904448849e-03
1.040000000000000036e+01,1.927149450634077499e-02
1.043333333333333357e+01,3.611618758944799400e-03
1.046666666666666679e+01,-1.602112723645421691e-02
1.050000000000000000e+01,-1.306053659837188782e-02
1.053333333333333321e+01,-1.421769272403611110e-02
1.056666666666666643e+01,-4.420525384532628110e-02
1.059999999999999964e+01,-6.955739960831290591e-02
1.063333333333333286e+01,-6.623500073886720574e-02
1.066666666666666607e+01,-3.638978722160414458e-02
1.069999999999999929e+01,-1.179347393120894379e-02
1.073333333333333250e+01,-1.733487283639277565e-02
1.076666666666666572e+01,-2.093288224228306849e-02
1.080000000000000071e+01,2.326132650713774817e-03
1.083333333333333393e+01,2.031673795222929332e-02
1.086666666666666714e+01,7.887832208666897132e-03
1.090000000000000036e+01,-2.542443318757835365e-03
1.093333333333333357e+01,1.423406839122025834e-02
1.096666666666666679e+01,2.571883756233292115e-02
1.100000000000000000e+01,6.464951131378567778e-03
1.103333333333333321e+01,-1.072675557751095327e-02
1.106666666666666643e+01,-3.423443567362366479e-04
1.109999999999999964e+01,4.896390487578600355e-03
1.113333333333333286e+01,-7.414144013331620646e-03
1.116666666666666607e+01,-7.212380188574593447e-03
1.119999999999999929e+01,2.090098802006796000e-02
1.123333333333333250e+01,4.356756780138577867e-02
1.126666666666666572e+01,3.494520629067421336e-02
1.130000000000000071e+01,2.252417702819030018e-02
1.133333333333333393e+01,3.299981765670432360e-02
1.136666666666666714e+01,3.819042366136467248e-02
1.140000000000000036e+01,1.308449296484706301e-02
1.143333333333333357e+01,-9.974006129219869718e-03
1.146666666666666679e+01,-6.484318234815548282e-03
1.150000000000000000e+01,-8.128023988758267815e-03
1.153333333333333321e+01,-2.786276523754012760e-02
1.156666666666666643e+01,-3.694146994184490523e-02
1.159999999999999964e+01,-1.972192838551689240e-02
1.163333333333333286e+01,-7.648037641620504014e-03
1.166666666666666607e+01,-2.578378264732329381e-02
1.169999999999999929e+01,-4.191530140098162494e-02
1.173333333333333250e+01,-3.059852962122441497e-02
1.176666666666666572e+01,-5.769270864742082582e-03
1.180000000000000071e+01,2.374952692919954974e-03
1.183333333333333393e+01,-8.140143519973455644e-03
1.186666666666666714e+01,-6.733543813976685354e-03
1.190000000000000036e+01,2.367637148048626350e-02
1.193333333333333357e+01,4.931191917790631041e-02
1.196666666666666679e+01,4.650060116648142838e-02
