0.000000000000000000e+00,-1.793698253161490550e-02
3.333333333333333287e-02,-1.268883538437589817e-02
6.666666666666666574e-02,-4.275445985696593731e-02
1.000000000000000056e-01,-7.274529679844755903e-02
1.333333333333333315e-01,-1.027055247071976402e-01
1.666666666666666574e-01,-1.310960613378238659e-01
2.000000000000000111e-01,-1.405150027491375853e-01
2.333333333333333370e-01,-1.196375414136984783e-01
2.666666666666666630e-01,-7.230680633072070207e-02
2.999999999999999889e-01,-2.722302516921982878e-03
3.333333333333333148e-01,9.087848057595822315e-02
3.666666666666666408e-01,2.013700071791702795e-01
4.000000000000000222e-01,2.988983934035152612e-01
4.333333333333333481e-01,3.729694376018180546e-01
4.666666666666666741e-01,4.251245758063151303e-01
5.000000000000000000e-01,4.449090768243614824e-01
5.333333333333333259e-01,4.306472231450794719e-01
5.666666666666666519e-01,3.925491107420874259e-01
5.999999999999999778e-01,3.366747219179447304e-01
6.333333333333333037e-01,2.637034768288698539e-01
6.666666666666666297e-01,1.650559076096047573e-01
6.999999999999999556e-01,6.910836272938497560e-02
7.333333333333332815e-01,1.955262170014778877e-03
7.666666666666666075e-01,-6.388512095610955621e-02
8.000000000000000444e-01,-1.281190112641792944e-01
8.333333333333333703e-01,-1.709314515547232793e-01
8.666666666666666963e-01,-1.889001634374656569e-01
9.000000000000000222e-01,-2.109452281847493949e-01
9.333333333333333481e-01,-2.309225738823732776e-01
9.666666666666666741e-01,-2.276753737962767254e-01
1.000000000000000000e+00,-2.008867731443052251e-01
1.033333333333333215e+00,-1.768631291645330617e-01
1.066666666666666652e+00,-1.796297239528258649e-01
1.100000000000000089e+00,-1.819744676103723646e-01
1.133333333333333304e+00,-1.604975779022289606e-01
1.166666666666666741e+00,-1.098760957615459027e-01
1.199999999999999956e+00,-6.177147447898516386e-02
1.233333333333333393e+00,-4.193242992952214698e-02
1.266666666666666607e+00,-1.838196309681483509e-02
1.300000000000000044e+00,3.402753456884181210e-02
1.333333333333333259e+00,8.081858638057531907e-02
1.366666666666666696e+00,9.916760347822588251e-02
1.399999999999999911e+00,1.033761376960217332e-01
1.433333333333333348e+00,1.204252107302081626e-01
1.466666666666666563e+00,1.316871144204430633e-01
1.500000000000000000e+00,1.146809550454040011e-01
1.533333333333333215e+00,1.031464326448845448e-01
1.566666666666666652e+00,1.055140217662080132e-01
1.600000000000000089e+00,9.150571663382889298e-02
1.633333333333333304e+00,4.914020592712590313e-02
1.666666666666666741e+00,1.116902495953031767e-02
1.699999999999999956e+00,2.158328287000610499e-03
1.733333333333333393e+00,5.907865984657306203e-03
1.766666666666666607e+00,-6.616604832455717962e-03
1.800000000000000044e+00,-2.329639147521181050e-02
1.833333333333333259e+00,-1.577903496709612621e-02
1.866666666666666696e+00,-1.049798799367852864e-02
1.899999999999999911e+00,-3.397258618530076685e-02
1.933333333333333348e+00,-5.475168961943634172e-02
1.966666666666666563e+00,-4.646903826731008796e-02
2.000000000000000000e+00,-3.744741658314618138e-02
2.033333333333333215e+00,-5.318437436183256345e-02
2.066666666666666430e+00,-6.515473549654035579e-02
2.100000000000000089e+00,-4.809506003403871133e-02
2.133333333333333304e+00,-2.013552780215347587e-02
2.166666666666666519e+00,-1.063055355480005230e-02
2.200000000000000178e+00,-8.399227540009593027e-03
2.233333333333333393e+00,1.477626531912525944e-02
2.266666666666666607e+00,3.324454258148585445e-02
2.299999999999999822e+00,2.320440478346138050e-02
2.333333333333333481e+00,1.675458590373259463e-02
2.366666666666666696e+00,3.934941736458754530e-02
2.399999999999999911e+00,5.734809109972264368e-02
2.433333333333333126e+00,4.685187886936330315e-02
2.466666666666666785e+00,2.661523171311338740e-02
2.500000000000000000e+00,2.485097138715849224e-02
2.533333333333333215e+00,1.793804634446160076e-02
2.566666666666666430e+00,-8.910407976551759993e-03
2.600000000000000089e+00,-2.525405574776841064e-02
2.633333333333333304e+00,-1.246351682541957558e-02
2.666666666666666519e+00,-3.054065834115550840e-03
2.700000000000000178e+00,-2.231362291277995402e-02
2.733333333333333393e+00,-3.812136374912614839e-02
2.766666666666666607e+00,-2.493686082017771213e-02
2.799999999999999822e+00,-1.477061535527460570e-02
2.833333333333333481e+00,-3.337192369828703709e-02
2.866666666666666696e+00,-4.898449502280644019e-02
2.899999999999999911e+00,-3.553748850460813902e-02
2.933333333333333126e+00,-5.188356603954175604e-03
2.966666666666666785e+00,1.222842961398605197e-02
3.000000000000000000e+00,2.379361858355982622e-03
3.033333333333333215e+00,-2.115730116451843088e-03
3.066666666666666430e+00,2.440157570695672754e-02
3.100000000000000089e+00,4.883522107235044318e-02
3.133333333333333304e+00,4.627571072311333078e-02
3.166666666666666519e+00,2.065446073314591152e-02
3.200000000000000178e+00,3.938631177101964767e-03
3.233333333333333393e+00,1.578050942880018792e-02
3.266666666666666607e+00,2.428297146604988660e-02
3.299999999999999822e+00,3.678420657718337212e-03
3.333333333333333481e+00,-1.281084957234164198e-02
3.366666666666666696e+00,-7.223664248082701600e-04
3.399999999999999911e+00,8.194633928878213708e-03
3.433333333333333126e+00,-1.199997779707146460e-02
3.466666666666666785e+00,-2.819475542481737068e-02
3.500000000000000000e+00,-1.579898166121882289e-02
3.533333333333333215e+00,-6.435777856671019877e-03
3.566666666666666430e+00,-2.622415795002170161e-02
3.600000000000000089e+00,-4.194042193421951975e-02
3.633333333333333304e+00,-2.915115890904486015e-02
3.666666666666666519e+00,-4.568266754562268217e-03
3.699999999999999734e+00,2.087899026948530478e-03
3.733333333333333393e+00,-2.837803709190300089e-03
3.766666666666666607e+00,9.842062169206989078e-03
3.799999999999999822e+00,2.042893519633931163e-02
3.833333333333333481e+00,1.667321959508271485e-03
3.866666666666666696e+00,-1.456055704314962972e-02
3.899999999999999911e+00,-2.002917004009884330e-03
3.933333333333333126e+00,1.467271824471810815e-02
3.966666666666666785e+00,7.686941069788665384e-03
4.000000000000000000e+00,5.067129673494166764e-03
4.033333333333333215e+00,3.089910402960280994e-02
4.066666666666666430e+00,5.214948073977700160e-02
4.099999999999999645e+00,4.441671429849426700e-02
4.133333333333332860e+00,2.508189473176514542e-02
4.166666666666666963e+00,2.111984430716295005e-02
4.200000000000000178e+00,2.204824396090322020e-02
4.233333333333333393e+00,1.077913942011286905e-03
4.266666666666666607e+00,-1.564976027825496288e-02
4.299999999999999822e+00,-3.862436217982019061e-03
4.333333333333333037e+00,4.531887370500023958e-03
4.366666666666666252e+00,-1.622640486031377144e-02
4.400000000000000355e+00,-3.368908928383180373e-02
4.433333333333333570e+00,-2.247820360357376604e-02
4.466666666666666785e+00,-1.392740598475382570e-02
4.500000000000000000e+00,-3.458877672868599512e-02
4.533333333333333215e+00,-5.211655269692980208e-02
4.566666666666666430e+00,-4.101825452921906145e-02
4.599999999999999645e+00,-8.663762206009485711e-03
4.633333333333332860e+00,1.311945368960856957e-02
4.666666666666666963e+00,3.736889225552536900e-03
4.700000000000000178e+00,-3.646225147396256992e-03
4.733333333333333393e+00,1.567651216908316075e-02
4.766666666666666607e+00,2.970056051489874602e-02
4.799999999999999822e+00,1.312273805547822282e-02
4.833333333333333037e+00,-1.406876296938879131e-03
4.866666666666666252e+00,1.054437434193816747e-02
4.900000000000000355e+00,1.731356245175747627e-02
4.933333333333333570e+00,-5.774924284011432284e-03
4.966666666666666785e+00,-2.689686437357301924e-02
5.000000000000000000e+00,-2.163438144999670770e-02
5.033333333333333215e+00,1.285147849864892548e-02
5.066666666666666430e+00,4.436915821984629971e-02
5.099999999999999645e+00,4.720133578941870800e-02
5.133333333333332860e+00,2.187567735372800831e-02
5.166666666666666963e+00,1.647581492802430115e-03
5.200000000000000178e+00,1.292251915133011374e-02
5.233333333333333393e+00,2.221759276255975274e-02
5.266666666666666607e+00,4.806076314537817938e-03
5.299999999999999822e+00,-7.375101799880193557e-03
5.333333333333333037e+00,1.039039733710077004e-02
5.366666666666666252e+00,2.620910040100326785e-02
5.400000000000000355e+00,1.587716438686000847e-02
5.433333333333333570e+00,-8.345380098925086337e-03
5.466666666666666785e+00,-1.727651456231588112e-02
5.500000000000000000e+00,1.345850916459108253e-03
5.533333333333333215e+00,1.632740361879111979e-02
5.566666666666666430e+00,2.108992701043298137e-03
5.599999999999999645e+00,-1.366024560596685797e-02
5.633333333333332860e+00,-5.244581765840534981e-03
5.666666666666666963e+00,-3.165453001951436447e-04
5.700000000000000178e+00,-2.445910975178664307e-02
5.733333333333333393e+00,-4.460181895078026149e-02
5.766666666666666607e+00,-3.615011491567771823e-02
5.799999999999999822e+00,-3.036615301565220859e-02
5.833333333333333037e+00,-4.916139132853061811e-02
5.866666666666666252e+00,-6.096887896296078468e-02
5.900000000000000355e+00,-4.411926925217652534e-02
5.933333333333333570e+00,-2.224645884298485921e-02
5.966666666666666785e+00,-2.370019641731175783e-02
6.000000000000000000e+00,-2.134321086784616781e-02
6.033333333333333215e+00,9.584585114728099917e-03
6.066666666666666430e+00,3.700128314376873589e-02
6.099999999999999645e+00,3.526005995874984672e-02
6.133333333333332860e+00,3.326182545678037228e-02
6.166666666666666963e+00,4.940198508819734075e-02
6.200000000000000178e+00,5.660653631786682904e-02
6.233333333333333393e+00,3.472245391841481676e-02
6.266666666666666607e+00,1.699566430046735646e-02
6.299999999999999822e+00,2.778559424194200142e-02
6.333333333333333037e+00,3.521056755968222929e-02
6.366666666666666252e+00,1.347112026601867026e-02
6.400000000000000355e+00,-4.843407730214754209e-03
6.433333333333333570e+00,5.485062296336187110e-03
6.466666666666666785e+00,1.288888166265104648e-02
6.500000000000000000e+00,-8.903661970280368418e-03
6.533333333333333215e+00,-2.729424202758163470e-02
6.566666666666666430e+00,-1.706079050416119472e-02
6.599999999999999645e+00,-9.857857400349070987e-03
6.633333333333332860e+00,-3.181770729061139669e-02
6.666666666666666963e+00,-5.026483743537018406e-02
6.700000000000000178e+00,-4.004935345774387340e-02
6.733333333333333393e+00,-2.351108770504141410e-02
6.766666666666666607e+00,-2.828295245813335079e-02
6.799999999999999822e+00,-2.813672961229480782e-02
6.833333333333333037e+00,4.298681002863125370e-04
6.866666666666666252e+00,2.383769814669109421e-02
6.899999999999999467e+00,1.836601096868991506e-02
6.933333333333333570e+00,1.682616220210644484e-02
6.966666666666666785e+00,3.580355188914383785e-02
7.000000000000000000e+00,4.478142406968623618e-02
7.033333333333333215e+00,2.480838058546427222e-02
7.066666666666666430e+00,9.286227226113287145e-03
7.099999999999999645e+00,2.238893653485339585e-02
7.133333333333332860e+00,3.217287357620177840e-02
7.166666666666666963e+00,1.292341478731529048e-02
7.200000000000000178e+00,-2.693386097428552076e-03
7.233333333333333393e+00,1.046572994411461982e-02
7.266666666666666607e+00,2.037948174406078658e-02
7.299999999999999822e+00,1.333950820026592833e-03
7.333333333333333037e+00,-1.375381959768176739e-02
7.366666666666666252e+00,-1.109774617672501203e-04
7.399999999999999467e+00,1.006550141473866802e-02
7.433333333333333570e+00,-8.687200673510494728e-03
7.466666666666666785e+00,-2.342476594881151217e-02
7.500000000000000000e+00,-9.432803054893438774e-03
7.533333333333333215e+00,1.211811735026620870e-03
7.566666666666666430e+00,-1.709401094810287722e-02
7.599999999999999645e+00,-3.168762433696775682e-02
7.633333333333332860e+00,-1.749815888087882104e-02
7.666666666666666963e+00,-6.311881778927504183e-03
7.700000000000000178e+00,-2.413084768205935385e-02
7.733333333333333393e+00,-3.861610498865134661e-02
7.766666666666666607e+00,-2.426642403567004502e-02
7.799999999999999822e+00,-1.256288871402708347e-02
7.833333333333333037e+00,-2.993257735838569453e-02
7.866666666666666252e+00,-4.437192758648701718e-02
7.899999999999999467e+00,-2.992431031739355152e-02
7.933333333333333570e+00,-1.380518395408105760e-02
7.966666666666666785e+00,-2.377781816433362228e-02
8.000000000000000000e+00,-3.070180780680468666e-02
8.033333333333333215e+00,-8.802822451095882947e-03
8.066666666666666430e+00,9.935512592183236985e-03
8.099999999999999645e+00,-3.773269563783031972e-04
8.133333333333332860e+00,-6.595228422528466063e-03
8.166666666666666075e+00,1.585976439270083208e-02
8.199999999999999289e+00,3.417971635593292090e-02
8.233333333333332504e+00,2.356153380141759110e-02
8.266666666666665719e+00,1.804094251347438185e-02
8.300000000000000711e+00,4.108279471580414399e-02
8.333333333333333925e+00,5.933970580518587584e-02
8.366666666666667140e+00,4.871635652423858542e-02
8.400000000000000355e+00,4.327443245265227140e-02
8.433333333333333570e+00,5.293669164750156031e-02
8.466666666666666785e+00,4.777637736891070241e-02
8.500000000000000000e+00,1.377380252892764466e-02
8.533333333333333215e+00,-1.552161121974640796e-02
8.566666666666666430e+00,-1.605752717759368134e-02
8.599999999999999645e+00,-2.583913267025511259e-03
8.633333333333332860e+00,-4.925009978554289840e-03
8.666666666666666075e+00,-2.103539413784119919e-02
8.699999999999999289e+00,-2.108882576115081800e-02
8.733333333333332504e+00,-5.763800005037742489e-04
8.766666666666665719e+00,8.694444302521033355e-03
8.800000000000000711e+00,-1.361394827572571381e-02
8.833333333333333925e+00,-3.372982798575653585e-02
8.866666666666667140e+00,-2.545472862123640892e-02
8.900000000000000355e+00,-1.114434750220425277e-02
8.933333333333333570e+00,-1.948539545264174958e-02
8.966666666666666785e+00,-2.567549617051306104e-02
9.000000000000000000e+00,-4.426027403787555388e-03
9.033333333333333215e+00,1.149941577809640743e-02
9.066666666666666430e+00,-2.641452060225082596e-03
9.099999999999999645e+00,-1.484190260269559018e-02
9.133333333333332860e+00,-9.028086968231234608e-04
9.166666666666666075e+00,7.904796188499827250e-03
9.199999999999999289e+00,-7.576095664868745701e-03
9.233333333333332504e+00,-1.719798912818814793e-02
9.266666666666665719e+00,-8.077595536414955120e-04
9.300000000000000711e+00,1.045206495177457458e-02
9.333333333333333925e+00,-5.074039182662909778e-03
9.366666666666667140e+00,-1.670722976497606219e-02
9.400000000000000355e+00,-1.125119301424252040e-03
9.433333333333333570e+00,1.312563721232702825e-02
9.466666666666666785e+00,1.782831683371997845e-04
9.500000000000000000e+00,-1.091155667451620612e-02
9.533333333333333215e+00,5.455397633489460392e-03
9.566666666666666430e+00,1.714420772837926474e-02
9.599999999999999645e+00,5.058404269571010331e-03
9.633333333333332860e+00,-6.206716695025819755e-05
9.666666666666666075e+00,2.320103835672290837e-02
9.699999999999999289e+00,4.086119149577743803e-02
9.733333333333332504e+00,2.684385499000344066e-02
9.766666666666665719e+00,1.483128561347922536e-02
9.800000000000000711e+00,3.159356405249116179e-02
9.833333333333333925e+00,4.280536448376570657e-02
9.866666666666667140e+00,2.274873403939186786e-02
9.900000000000000355e+00,4.727741427796337999e-03
9.933333333333333570e+00,1.402617301238604647e-02
9.966666666666666785e+00,1.793074984388264362e-02
1.000000000000000000e+01,-7.578299712357280948e-03
1.003333333333333321e+01,-3.130878761912570668e-02
1.006666666666666643e+01,-2.898053753985519246e-02
1.009999999999999964e+01,-8.794930468823755274e-03
1.013333333333333286e+01,-6.730859654250352211e-06
1.016666666666666607e+01,-2.002837476216220991e-02
1.019999999999999929e+01,-3.717608221780774325e-02
1.023333333333333250e+01,-2.523530737750617065e-02
1.026666666666666572e+01,-1.400345129318351228e-02
1.030000000000000071e+01,-2.994908785806844539e-02
1.033333333333333393e+01,-4.266420594573128167e-02
1.036666666666666714e+01,-2.637304447276248714e-02
1.040000000000000036e+01,-2.625484558106976410e-03
1.043333333333333357e+01,1.098539243966409513e-03
1.046666666666666679e+01,8.067808673735644628e-03
1.050000000000000000e+01,3.186102407182510310e-02
1.053333333333333321e+01,4.191225050173567196e-02
1.056666666666666643e+01,2.331124064419869482e-02
1.059999999999999964e+01,9.229549828292002780e-03
1.063333333333333286e+01,2.395097370327571584e-02
1.066666666666666607e+01,3.306907205706293568e-02
1.069999999999999929e+01,1.382108066848278770e-02
1.073333333333333250e+01,-1.450222155101088799e-03
1.076666666666666572e+01,1.234476835926799979e-02
1.080000000000000071e+01,2.183039168955176051e-02
1.083333333333333393e+01,2.777714817321055157e-03
1.086666666666666714e+01,-1.320387465872191989e-02
1.090000000000000036e+01,-1.194047005533635400e-05
1.093333333333333357e+01,9.395883435417447596e-03
1.096666666666666679e+01,-9.798129386584045197e-03
1.100000000000000000e+01,-2.607349458991513672e-02
1.103333333333333321e+01,-1.315677805866812856e-02
1.106666666666666643e+01,-4.219474767591282170e-03
1.109999999999999964e+01,-2.385198221745484654e-02
1.113333333333333286e+01,-4.009028491440716491e-02
1.116666666666666607e+01,-2.725161558371154077e-02
1.119999999999999929e+01,-1.711020759728471702e-02
1.123333333333333250e+01,-2.846771244418611763e-02
1.126666666666666572e+01,-3.259117036111456450e-02
1.130000000000000071e+01,-7.469515323956563320e-03
1.133333333333333393e+01,1.447576003653777178e-02
1.136666666666666714e+01,7.669285421049122295e-03
1.140000000000000036e+01,3.375298017090059936e-03
1.143333333333333357e+01,2.830433118753450036e-02
1.146666666666666679e+01,4.924161985168597211e-02
1.150000000000000000e+01,4.156430164112311088e-02
1.153333333333333321e+01,2.701760270314719145e-02
1.156666666666666643e+01,3.329338553165463871e-02
1.159999999999999964e+01,3.484555731487851138e-02
1.163333333333333286e+01,7.872350826294437567e-03
1.166666666666666607e+01,-1.529939574207012619e-02
1.169999999999999929e+01,-9.374871694882927139e-03
1.173333333333333250e+01,-8.243170810569947285e-03
1.176666666666666572e+01,-3.044410328627903534e-02
1.180000000000000071e+01,-4.492604724864550370e-02
1.183333333333333393e+01,-3.026919904060906483e-02
1.186666666666666714e+01,-1.960573897391385337e-02
1.190000000000000036e+01,-3.445548695332045080e-02
1.193333333333333357e+01,-4.404575601669780821e-02
1.196666666666666679e+01,-2.436196609088305681e-02
