0.000000000000000000e+00,2.596407423872327050e-02
3.333333333333333287e-02,9.204575609519772758e-03
6.666666666666666574e-02,3.097306023528101360e-02
1.000000000000000056e-01,6.997484907689684175e-02
1.333333333333333315e-01,1.259047356224565761e-01
1.666666666666666574e-01,1.982372497284938251e-01
2.000000000000000111e-01,2.555047295715107136e-01
2.333333333333333370e-01,2.885665573277745866e-01
2.666666666666666630e-01,3.067409063927401536e-01
2.999999999999999889e-01,3.122928806697328197e-01
3.333333333333333148e-01,3.013863868080733921e-01
3.666666666666666408e-01,2.683948797832331201e-01
4.000000000000000222e-01,2.149388967505485581e-01
4.333333333333333481e-01,1.475495906993403161e-01
4.666666666666666741e-01,7.295369883147101442e-02
5.000000000000000000e-01,-4.889176121591842783e-03
5.333333333333333259e-01,-8.121091508782099511e-02
5.666666666666666519e-01,-1.529814666913207055e-01
5.999999999999999778e-01,-2.142363740318908860e-01
6.333333333333333037e-01,-2.585014114245786088e-01
6.666666666666666297e-01,-2.868854198859049354e-01
6.999999999999999556e-01,-3.044119597474833072e-01
7.333333333333332815e-01,-3.157804996119012997e-01
7.666666666666666075e-01,-3.169271001870266891e-01
8.000000000000000444e-01,-3.024125498275241908e-01
8.333333333333333703e-01,-2.774427064673905541e-01
8.666666666666666963e-01,-2.488872228041217050e-01
9.000000000000000222e-01,-2.123478821862157528e-01
9.333333333333333481e-01,-1.622091975957973553e-01
9.666666666666666741e-01,-1.025497328143092635e-01
1.000000000000000000e+00,-4.179291880047029950e-02
1.033333333333333215e+00,1.258958495333018131e-02
1.066666666666666652e+00,5.304874001070238043e-02
1.100000000000000089e+00,8.338948990776345882e-02
1.133333333333333304e+00,1.108385956695537855e-01
1.166666666666666741e+00,1.314050534912049872e-01
1.199999999999999956e+00,1.384987631320659107e-01
1.233333333333333393e+00,1.363521518274230793e-01
1.266666666666666607e+00,1.319981365370219151e-01
1.300000000000000044e+00,1.207539851358778171e-01
1.333333333333333259e+00,9.603463947834131598e-02
1.366666666666666696e+00,6.271696326510911579e-02
1.399999999999999911e+00,2.996029360947043488e-02
1.433333333333333348e+00,4.909649400008871817e-03
1.466666666666666563e+00,-1.629882555147734932e-02
1.500000000000000000e+00,-4.067954529063311925e-02
1.533333333333333215e+00,-6.364125174733589740e-02
1.566666666666666652e+00,-7.700289569344381801e-02
1.600000000000000089e+00,-8.496220519172885399e-02
1.633333333333333304e+00,-9.496334858195562556e-02
1.666666666666666741e+00,-1.024862700453564451e-01
1.699999999999999956e+00,-9.898306938965302504e-02
1.733333333333333393e+00,-8.790165638455585406e-02
1.766666666666666607e+00,-7.612837712050403438e-02
1.800000000000000044e+00,-6.134555308094125775e-02
1.833333333333333259e+00,-4.194392706416683742e-02
1.866666666666666696e+00,-2.388117572890366760e-02
1.899999999999999911e+00,-1.432702091260405416e-02
1.933333333333333348e+00,-8.596335268725500273e-03
1.966666666666666563e+00,1.748550525580124535e-03
2.000000000000000000e+00,1.316086594643321554e-02
2.033333333333333215e+00,1.859249205048946890e-02
2.066666666666666430e+00,2.283237251623599501e-02
2.100000000000000089e+00,3.431070924475254635e-02
2.133333333333333304e+00,4.950360689196960096e-02
2.166666666666666519e+00,5.970557706387783631e-02
2.200000000000000178e+00,5.679736568678937086e-02
2.233333333333333393e+00,4.603649450043498931e-02
2.266666666666666607e+00,3.705052240229739224e-02
2.299999999999999822e+00,3.558798378732811601e-02
2.333333333333333481e+00,3.511356357706178766e-02
2.366666666666666696e+00,2.835645170738851709e-02
2.399999999999999911e+00,2.050970308214931925e-02
2.433333333333333126e+00,1.783512943230627923e-02
2.466666666666666785e+00,1.390380211868546580e-02
2.500000000000000000e+00,8.804051522810353407e-04
2.533333333333333215e+00,-1.608044390132009130e-02
2.566666666666666430e+00,-2.858399962919872320e-02
2.600000000000000089e+00,-2.971555319374021009e-02
2.633333333333333304e+00,-2.389365111961662402e-02
2.666666666666666519e+00,-1.908019148772349682e-02
2.700000000000000178e+00,-2.015827078067654668e-02
2.733333333333333393e+00,-2.151331978589647934e-02
2.766666666666666607e+00,-1.470769578799737548e-02
2.799999999999999822e+00,-3.451539124941473829e-03
2.833333333333333481e+00,3.928835775864960266e-03
2.866666666666666696e+00,5.676480858025466023e-03
2.899999999999999911e+00,8.515879283392348287e-03
2.933333333333333126e+00,1.280170660714708038e-02
2.966666666666666785e+00,1.353875606025561028e-02
3.000000000000000000e+00,1.518436222012765034e-02
3.033333333333333215e+00,2.153356966355717689e-02
3.066666666666666430e+00,2.746672721813080836e-02
3.100000000000000089e+00,2.707789230309152681e-02
3.133333333333333304e+00,2.560408604012818709e-02
3.166666666666666519e+00,3.004535924156408189e-02
3.200000000000000178e+00,3.554654516250409929e-02
3.233333333333333393e+00,3.545461453449753886e-02
3.266666666666666607e+00,3.381216583599636755e-02
3.299999999999999822e+00,3.718131794486762703e-02
3.333333333333333481e+00,4.044438289246161250e-02
3.366666666666666696e+00,3.726669980199466548e-02
3.399999999999999911e+00,3.365665341821839907e-02
3.433333333333333126e+00,3.535260209311773955e-02
3.466666666666666785e+00,3.666719945001990083e-02
3.500000000000000000e+00,3.126364105434854823e-02
3.533333333333333215e+00,2.540246573298044278e-02
3.566666666666666430e+00,2.641049652327301378e-02
3.600000000000000089e+00,2.915979598473060486e-02
3.633333333333333304e+00,2.575413492046327996e-02
3.666666666666666519e+00,1.317428011953176298e-02
3.699999999999999734e+00,-2.129063571183629523e-03
3.733333333333333393e+00,-1.355791781041043587e-02
3.766666666666666607e+00,-2.577871703337671766e-02
3.799999999999999822e+00,-4.429051815654810875e-02
3.833333333333333481e+00,-6.387438712454274192e-02
3.866666666666666696e+00,-7.712851647969409807e-02
3.899999999999999911e+00,-8.325346457872807859e-02
3.933333333333333126e+00,-8.735759044246467486e-02
3.966666666666666785e+00,-8.605484603166513313e-02
4.000000000000000000e+00,-7.513687154280725145e-02
4.033333333333333215e+00,-5.978676156987763196e-02
4.066666666666666430e+00,-4.682481459223146458e-02
4.099999999999999645e+00,-3.227910374588293524e-02
4.133333333333332860e+00,-1.349942415916655092e-02
4.166666666666666963e+00,3.199251949574711575e-03
4.200000000000000178e+00,1.068318340290978774e-02
4.233333333333333393e+00,1.406286844177277555e-02
4.266666666666666607e+00,2.003496869930429872e-02
4.299999999999999822e+00,2.412173006025730704e-02
4.333333333333333037e+00,1.945988492911928866e-02
4.366666666666666252e+00,1.078236023426005184e-02
4.400000000000000355e+00,4.809351262634023808e-03
4.433333333333333570e+00,-1.865773825132921448e-03
4.466666666666666785e+00,-1.443843958811313541e-02
4.500000000000000000e+00,-2.766390370834756127e-02
4.533333333333333215e+00,-3.500763116753619758e-02
4.566666666666666430e+00,-4.095106823446579419e-02
4.599999999999999645e+00,-5.218557236474595518e-02
4.633333333333332860e+00,-6.327901075635371242e-02
4.666666666666666963e+00,-6.668074336643374511e-02
4.700000000000000178e+00,-6.172167262636243240e-02
4.733333333333333393e+00,-5.543610143394709505e-02
4.766666666666666607e+00,-5.461980390498790555e-02
4.799999999999999822e+00,-5.525800684805646373e-02
4.833333333333333037e+00,-5.034405727892821147e-02
4.866666666666666252e+00,-3.862556603463060401e-02
4.900000000000000355e+00,-2.668259725012315023e-02
4.933333333333333570e+00,-2.043990717235643836e-02
4.966666666666666785e+00,-1.534790268255436033e-02
5.000000000000000000e+00,-3.551791406808799643e-03
5.033333333333333215e+00,1.082412359882675874e-02
5.066666666666666430e+00,2.140646682684258298e-02
5.099999999999999645e+00,3.257593616005251269e-02
5.133333333333332860e+00,5.077405729674148299e-02
5.166666666666666963e+00,7.004023056753481968e-02
5.200000000000000178e+00,8.215315163526870634e-02
5.233333333333333393e+00,8.173240699781939012e-02
5.266666666666666607e+00,7.407386277868412139e-02
5.299999999999999822e+00,6.683891437120020873e-02
5.333333333333333037e+00,5.889254332856323770e-02
5.366666666666666252e+00,4.524996368867228308e-02
5.400000000000000355e+00,3.104248945997205994e-02
5.433333333333333570e+00,2.336259984767233289e-02
5.466666666666666785e+00,1.769360170840602806e-02
5.500000000000000000e+00,7.858771589368568344e-03
5.533333333333333215e+00,2.225713723224425917e-05
5.566666666666666430e+00,1.534812382435800241e-03
5.599999999999999645e+00,7.288452700216794221e-03
5.633333333333332860e+00,9.758557551705061145e-03
5.666666666666666963e+00,9.470118340860303116e-03
5.700000000000000178e+00,1.188400240004437898e-02
5.733333333333333393e+00,1.198726281126088339e-02
5.766666666666666607e+00,3.361083087414415936e-03
5.799999999999999822e+00,-7.788626993912394110e-03
5.833333333333333037e+00,-1.401687408711119881e-02
5.866666666666666252e+00,-2.013029253817226125e-02
5.900000000000000355e+00,-3.184776204774792535e-02
5.933333333333333570e+00,-4.268602408394014253e-02
5.966666666666666785e+00,-4.505403881455383869e-02
6.000000000000000000e+00,-4.399853148974691708e-02
6.033333333333333215e+00,-4.585666289718521443e-02
6.066666666666666430e+00,-4.432805590854398126e-02
6.099999999999999645e+00,-3.210332709269946710e-02
6.133333333333332860e+00,-1.444056960545116869e-02
6.166666666666666963e+00,2.023557547252364999e-04
6.200000000000000178e+00,6.304240581662940053e-03
6.233333333333333393e+00,9.004884092085286770e-03
6.266666666666666607e+00,1.488704280179641015e-02
6.299999999999999822e+00,1.945896183614914329e-02
6.333333333333333037e+00,1.585314052879007937e-02
6.366666666666666252e+00,8.797577695553187097e-03
6.400000000000000355e+00,5.149242778054142003e-03
6.433333333333333570e+00,2.213511388172233110e-03
6.466666666666666785e+00,-6.242599918244651908e-03
6.500000000000000000e+00,-1.550771131737417249e-02
6.533333333333333215e+00,-1.904586878512073631e-02
6.566666666666666430e+00,-2.133977058339635649e-02
6.599999999999999645e+00,-2.926754383494198711e-02
6.633333333333332860e+00,-3.811879489629092094e-02
6.666666666666666963e+00,-4.075626519257965347e-02
6.700000000000000178e+00,-3.808727298479459844e-02
6.733333333333333393e+00,-3.568378994513390218e-02
6.766666666666666607e+00,-2.870927430517115561e-02
6.799999999999999822e+00,-1.171202344852808643e-02
6.833333333333333037e+00,1.044354809093340358e-02
6.866666666666666252e+00,2.883858973059545347e-02
6.899999999999999467e+00,3.501293294379639875e-02
6.933333333333333570e+00,3.274961452919875754e-02
6.966666666666666785e+00,3.143518778296851973e-02
7.000000000000000000e+00,3.896043607597112629e-02
7.033333333333333215e+00,4.954174870087972582e-02
7.066666666666666430e+00,5.449249870392249007e-02
7.099999999999999645e+00,5.344824154726040416e-02
7.133333333333332860e+00,5.343406094891948316e-02
7.166666666666666963e+00,5.376517467294989611e-02
7.200000000000000178e+00,4.841537035628754732e-02
7.233333333333333393e+00,4.261599833431349571e-02
7.266666666666666607e+00,4.454356123338311380e-02
7.299999999999999822e+00,4.850734162282354517e-02
7.333333333333333037e+00,4.662622589750348157e-02
7.366666666666666252e+00,4.365032629512654444e-02
7.399999999999999467e+00,4.750580794983998850e-02
7.433333333333333570e+00,5.245108347974009738e-02
7.466666666666666785e+00,5.055118717985894461e-02
7.500000000000000000e+00,4.640189391615053005e-02
7.533333333333333215e+00,4.801718207509181324e-02
7.566666666666666430e+00,4.967841198967579835e-02
7.599999999999999645e+00,4.351838866494896207e-02
7.633333333333332860e+00,3.483417002117063233e-02
7.666666666666666963e+00,3.190592320192230796e-02
7.700000000000000178e+00,2.899437441745950778e-02
7.733333333333333393e+00,1.819569667993716985e-02
7.766666666666666607e+00,4.831927032111910970e-03
7.799999999999999822e+00,-2.810715874141712228e-03
7.833333333333333037e+00,-1.048051776539289139e-02
7.866666666666666252e+00,-2.609513132944631109e-02
7.899999999999999467e+00,-4.431978013256721027e-02
7.933333333333333570e+00,-5.635494810510305319e-02
7.966666666666666785e+00,-6.488577847607963911e-02
8.000000000000000000e+00,-7.673630330592132176e-02
8.033333333333333215e+00,-8.656197295572580497e-02
8.066666666666666430e+00,-8.602840329583520684e-02
8.099999999999999645e+00,-8.096415745717856771e-02
8.133333333333332860e+00,-7.944248651342110390e-02
8.166666666666666075e+00,-7.607057274813520953e-02
8.199999999999999289e+00,-6.244990992182538475e-02
8.233333333333332504e+00,-4.446227378385591428e-02
8.266666666666665719e+00,-3.036694436498397695e-02
8.300000000000000711e+00,-1.606659573564915566e-02
8.333333333333333925e+00,4.722290159804125309e-03
8.366666666666667140e+00,2.544566484312847307e-02
8.400000000000000355e+00,3.809084036797839162e-02
8.433333333333333570e+00,4.787285097088543606e-02
8.466666666666666785e+00,6.256095928624422209e-02
8.500000000000000000e+00,7.621947289982813900e-02
8.533333333333333215e+00,8.039990219246648251e-02
8.566666666666666430e+00,7.646831850464927416e-02
8.599999999999999645e+00,7.144349585670105307e-02
8.633333333333332860e+00,6.140687138336087952e-02
8.666666666666666075e+00,4.536430052173696242e-02
8.699999999999999289e+00,3.003392259325220540e-02
8.733333333333332504e+00,2.107060753595687078e-02
8.766666666666665719e+00,1.274177341706422134e-02
8.800000000000000711e+00,-2.717106610923135813e-03
8.833333333333333925e+00,-2.120323598111666791e-02
8.866666666666667140e+00,-3.473771524201314798e-02
8.900000000000000355e+00,-4.629285770628951968e-02
8.933333333333333570e+00,-6.000887601553143297e-02
8.966666666666666785e+00,-7.052421740776453063e-02
9.000000000000000000e+00,-6.998786761910270882e-02
9.033333333333333215e+00,-6.301925351532797204e-02
9.066666666666666430e+00,-5.737749248710509453e-02
9.099999999999999645e+00,-4.943999983830513895e-02
9.133333333333332860e+00,-3.412008636025994773e-02
9.166666666666666075e+00,-1.697088300432466473e-02
9.199999999999999289e+00,-5.660096427022032195e-03
9.233333333333332504e+00,4.070061045444044179e-03
9.266666666666665719e+00,2.013083254692495452e-02
9.300000000000000711e+00,3.802681648702200407e-02
9.333333333333333925e+00,4.878915696479446673e-02
9.366666666666667140e+00,4.901761178358135518e-02
9.400000000000000355e+00,4.616213132130263241e-02
9.433333333333333570e+00,4.882187793666424580e-02
9.466666666666666785e+00,5.210087259586338587e-02
9.500000000000000000e+00,4.847464136532386725e-02
9.533333333333333215e+00,4.339741931079482001e-02
9.566666666666666430e+00,4.209243952038268372e-02
9.599999999999999645e+00,3.837813129664618267e-02
9.633333333333332860e+00,2.491454686308513036e-02
9.666666666666666075e+00,7.896871204034164315e-03
9.699999999999999289e+00,-4.097939846639097466e-03
9.733333333333332504e+00,-1.611068678504895199e-02
9.766666666666665719e+00,-3.535127554555847484e-02
9.800000000000000711e+00,-5.561542183371601111e-02
9.833333333333333925e+00,-6.766342114370101080e-02
9.866666666666667140e+00,-7.296608232982643161e-02
9.900000000000000355e+00,-7.794788793637998092e-02
9.933333333333333570e+00,-7.714176377293123499e-02
9.966666666666666785e+00,-6.503271587636483275e-02
1.000000000000000000e+01,-4.791358633159155389e-02
1.003333333333333321e+01,-3.443987973727340862e-02
1.006666666666666643e+01,-2.383482633131460068e-02
1.009999999999999964e+01,-9.140258968331368278e-03
1.013333333333333286e+01,5.602006410333867231e-03
1.016666666666666607e+01,1.288284982571637899e-02
1.019999999999999929e+01,1.737512281012443954e-02
1.023333333333333250e+01,2.759796387886017527e-02
1.026666666666666572e+01,4.001467368232688310e-02
1.030000000000000071e+01,4.621079404883397801e-02
1.033333333333333393e+01,4.350444429221858589e-02
1.036666666666666714e+01,3.970317113199101078e-02
1.040000000000000036e+01,4.285685214414777094e-02
1.043333333333333357e+01,4.814154495571898451e-02
1.046666666666666679e+01,4.695335992347279830e-02
1.050000000000000000e+01,4.192249250981694431e-02
1.053333333333333321e+01,3.938521277486107391e-02
1.056666666666666643e+01,3.382084109977095271e-02
1.059999999999999964e+01,1.690745853533800330e-02
1.063333333333333286e+01,-5.509912020854651829e-03
1.066666666666666607e+01,-2.356312299233999721e-02
1.069999999999999929e+01,-3.106956061732256066e-02
1.073333333333333250e+01,-3.445830007856896110e-02
1.076666666666666572e+01,-4.096682137140813390e-02
1.080000000000000071e+01,-4.533474266186407475e-02
1.083333333333333393e+01,-4.136344838233205201e-02
1.086666666666666714e+01,-3.546722365142329636e-02
1.090000000000000036e+01,-3.489001120323969446e-02
1.093333333333333357e+01,-3.437905267395090225e-02
1.096666666666666679e+01,-2.770711398790366708e-02
1.100000000000000000e+01,-2.125152482987936742e-02
1.103333333333333321e+01,-2.226247564706338236e-02
1.106666666666666643e+01,-2.550743537365115360e-02
1.109999999999999964e+01,-2.471669413099360571e-02
1.113333333333333286e+01,-2.531697235834122831e-02
1.116666666666666607e+01,-2.947459437663678752e-02
1.119999999999999929e+01,-3.017534674616725865e-02
1.123333333333333250e+01,-2.106655106993197621e-02
1.126666666666666572e+01,-8.210118592497216844e-03
1.130000000000000071e+01,7.167025454167963048e-04
1.133333333333333393e+01,8.591787864444372022e-03
1.136666666666666714e+01,2.096126600221977221e-02
1.140000000000000036e+01,3.159818659008922087e-02
1.143333333333333357e+01,3.312005245864255848e-02
1.146666666666666679e+01,3.057475929938656412e-02
1.150000000000000000e+01,3.039512912892736868e-02
1.153333333333333321e+01,2.707553161813402651e-02
1.156666666666666643e+01,1.712621636024365748e-02
1.159999999999999964e+01,7.111710636889518808e-03
1.163333333333333286e+01,3.374975285135029847e-03
1.166666666666666607e+01,-3.294302578973840262e-04
1.169999999999999929e+01,-1.135101618369642636e-02
1.173333333333333250e+01,-2.457714011469201015e-02
1.176666666666666572e+01,-3.242982182958736165e-02
1.180000000000000071e+01,-3.387083424791940273e-02
1.183333333333333393e+01,-3.499693618394646155e-02
1.186666666666666714e+01,-3.865573545709171527e-02
1.190000000000000036e+01,-3.903780682180068434e-02
1.193333333333333357e+01,-2.920403804126584305e-02
1.196666666666666679e+01,-1.386534324671206790e-02
