0.000000000000000000e+00,-2.745324338953335913e-02
3.333333333333333287e-02,1.004993033842239113e-02
6.666666666666666574e-02,2.860324593968280316e-02
1.000000000000000056e-01,7.112166272181434656e-02
1.333333333333333315e-01,1.374398917941520581e-01
1.666666666666666574e-01,2.268350523025687293e-01
2.000000000000000111e-01,2.985884429598998357e-01
2.333333333333333370e-01,3.407573847627811126e-01
2.666666666666666630e-01,3.650287955018165498e-01
2.999999999999999889e-01,3.750073589989144085e-01
3.333333333333333148e-01,3.680868164011634192e-01
3.666666666666666408e-01,3.389369148011012745e-01
4.000000000000000222e-01,2.848801167536292311e-01
4.333333333333333481e-01,2.107085063069137898e-01
4.666666666666666741e-01,1.227617945856872839e-01
5.000000000000000000e-01,2.489629935539507122e-02
5.333333333333333259e-01,-7.742221377013649986e-02
5.666666666666666519e-01,-1.812925638700145781e-01
5.999999999999999778e-01,-2.810666392346122811e-01
6.333333333333333037e-01,-3.698331621751002052e-01
6.666666666666666297e-01,-4.381476517894065670e-01
6.999999999999999556e-01,-4.772872845308977485e-01
7.333333333333332815e-01,-4.902119677512382645e-01
7.666666666666666075e-01,-4.839137895799367484e-01
8.000000000000000444e-01,-4.562735577569966838e-01
8.333333333333333703e-01,-4.105964357608921089e-01
8.666666666666666963e-01,-3.552174531508286992e-01
9.000000000000000222e-01,-2.953193029879084830e-01
9.333333333333333481e-01,-2.271787977971864714e-01
9.666666666666666741e-01,-1.534404572393448518e-01
1.000000000000000000e+00,-8.265571220005230035e-02
1.033333333333333215e+00,-2.064654408220444048e-02
1.066666666666666652e+00,3.662270825556523945e-02
1.100000000000000089e+00,9.618914726099685175e-02
1.133333333333333304e+00,1.538301469918746112e-01
1.166666666666666741e+00,2.013955311551357819e-01
1.199999999999999956e+00,2.313966794847910347e-01
1.233333333333333393e+00,2.482395999224554228e-01
1.266666666666666607e+00,2.591502595489287297e-01
1.300000000000000044e+00,2.592384975843646244e-01
1.333333333333333259e+00,2.407011041849494437e-01
1.366666666666666696e+00,2.089101920280791447e-01
1.399999999999999911e+00,1.730478259642425909e-01
1.433333333333333348e+00,1.363359725201107875e-01
1.466666666666666563e+00,9.380685892122275771e-02
1.500000000000000000e+00,4.992064986613920646e-02
1.533333333333333215e+00,1.202842896949610565e-02
1.566666666666666652e+00,-2.286129811539291262e-02
1.600000000000000089e+00,-5.716733231341974281e-02
1.633333333333333304e+00,-8.428360820038741097e-02
1.666666666666666741e+00,-9.665373328712820178e-02
1.699999999999999956e+00,-9.825357842641679884e-02
1.733333333333333393e+00,-9.814809859137671455e-02
1.766666666666666607e+00,-9.791349276964994575e-02
1.800000000000000044e+00,-9.186784014575902213e-02
1.833333333333333259e+00,-8.224777543071645769e-02
1.866666666666666696e+00,-7.640449853858630180e-02
1.899999999999999911e+00,-6.997856742476171732e-02
1.933333333333333348e+00,-5.538555372091494983e-02
1.966666666666666563e+00,-3.655367590072148426e-02
2.000000000000000000e+00,-2.164350046258229840e-02
2.033333333333333215e+00,-7.656197182550872858e-03
2.066666666666666430e+00,1.208862961604434925e-02
2.100000000000000089e+00,3.346285115425101653e-02
2.133333333333333304e+00,4.765759552855091535e-02
2.166666666666666519e+00,5.381156292112902750e-02
2.200000000000000178e+00,5.687309570643249435e-02
2.233333333333333393e+00,5.671390733922433008e-02
2.266666666666666607e+00,4.831605325446741012e-02
2.299999999999999822e+00,3.761204520184800726e-02
2.333333333333333481e+00,3.115177424552893759e-02
2.366666666666666696e+00,2.326685866883442325e-02
2.399999999999999911e+00,7.044143999329934014e-03
2.433333333333333126e+00,-1.158983473759252550e-02
2.466666666666666785e+00,-2.525270781183550431e-02
2.500000000000000000e+00,-3.444144040427554038e-02
2.533333333333333215e+00,-4.416904615677454127e-02
2.566666666666666430e+00,-4.889136145239798836e-02
2.600000000000000089e+00,-4.375996589382728091e-02
2.633333333333333304e+00,-3.548500077874022079e-02
2.666666666666666519e+00,-3.254271852250319175e-02
2.700000000000000178e+00,-3.023337769516159027e-02
2.733333333333333393e+00,-2.081582056746633311e-02
2.766666666666666607e+00,-8.362440355124716590e-03
2.799999999999999822e+00,-8.882136059496195842e-04
2.833333333333333481e+00,6.017811212536706630e-03
2.866666666666666696e+00,1.935787634021067863e-02
2.899999999999999911e+00,3.489742123131939211e-02
2.933333333333333126e+00,4.388312895086092513e-02
2.966666666666666785e+00,4.321382093077900249e-02
3.000000000000000000e+00,3.972566462290338246e-02
3.033333333333333215e+00,4.060010624134141599e-02
3.066666666666666430e+00,3.970591731958530296e-02
3.100000000000000089e+00,2.848330194126822215e-02
3.133333333333333304e+00,1.191567744564555643e-02
3.166666666666666519e+00,-6.547951986295725418e-04
3.200000000000000178e+00,-4.554053324354179547e-03
3.233333333333333393e+00,-6.478247512812297312e-03
3.266666666666666607e+00,-1.330011630848318763e-02
3.299999999999999822e+00,-1.948523391848907063e-02
3.333333333333333481e+00,-1.801980303999577149e-02
3.366666666666666696e+00,-1.476951242177958548e-02
3.399999999999999911e+00,-1.640560391005710383e-02
3.433333333333333126e+00,-1.751182853549532528e-02
3.466666666666666785e+00,-1.112087199050690832e-02
3.500000000000000000e+00,-3.089037664502373472e-03
3.533333333333333215e+00,-7.085799132971885069e-05
3.566666666666666430e+00,3.483706499316250281e-03
3.600000000000000089e+00,1.456510598802301069e-02
3.633333333333333304e+00,2.719990554860509183e-02
3.666666666666666519e+00,3.289672971406327334e-02
3.699999999999999734e+00,3.163729429466116683e-02
3.733333333333333393e+00,3.056544817108746911e-02
3.766666666666666607e+00,2.954456803497319817e-02
3.799999999999999822e+00,2.275810211507407060e-02
3.833333333333333481e+00,1.564044659901111731e-02
3.866666666666666696e+00,1.635639729132926101e-02
3.899999999999999911e+00,1.985329702936485669e-02
3.933333333333333126e+00,1.804947051595089114e-02
3.966666666666666785e+00,1.333736029530755568e-02
4.000000000000000000e+00,1.258415306235488584e-02
4.033333333333333215e+00,1.024649243595902176e-02
4.066666666666666430e+00,-1.451146152998727566e-03
4.099999999999999645e+00,-1.720215200829111613e-02
4.133333333333332860e+00,-2.823498353798530036e-02
4.166666666666666963e+00,-3.389604177366262183e-02
4.200000000000000178e+00,-4.038116873333865570e-02
4.233333333333333393e+00,-4.580479763084112366e-02
4.266666666666666607e+00,-4.324836011723658113e-02
4.299999999999999822e+00,-3.831099237209578678e-02
4.333333333333333037e+00,-3.886504983660627605e-02
4.366666666666666252e+00,-3.951984188523931241e-02
4.400000000000000355e+00,-3.214550505820137905e-02
4.433333333333333570e+00,-2.222971912199036768e-02
4.466666666666666785e+00,-1.747154249700829526e-02
4.500000000000000000e+00,-1.252183185746906860e-02
4.533333333333333215e+00,7.111505521003274981e-04
4.566666666666666430e+00,1.667397808512210630e-02
4.599999999999999645e+00,2.599081374287788571e-02
4.633333333333332860e+00,2.490668591890164707e-02
4.666666666666666963e+00,2.058150034648957918e-02
4.700000000000000178e+00,2.118313790297390517e-02
4.733333333333333393e+00,2.162511830295368170e-02
4.766666666666666607e+00,1.442453337690764031e-02
4.799999999999999822e+00,5.649195312534181779e-03
4.833333333333333037e+00,3.956271189051743797e-03
4.866666666666666252e+00,5.087950283023791841e-03
4.900000000000000355e+00,1.460012963627112465e-03
4.933333333333333570e+00,-1.914515498039733900e-03
4.966666666666666785e+00,3.342296648399714805e-03
5.000000000000000000e+00,1.364321445135738449e-02
5.033333333333333215e+00,1.941961301871638138e-02
5.066666666666666430e+00,1.239122122978572084e-02
5.099999999999999645e+00,-1.706811281952618940e-03
5.133333333333332860e+00,-1.283576204185391846e-02
5.166666666666666963e+00,-1.496815551403084775e-02
5.200000000000000178e+00,-1.462505111305785650e-02
5.233333333333333393e+00,-2.047410099458644994e-02
5.266666666666666607e+00,-2.745795499706852466e-02
5.299999999999999822e+00,-2.779006710469071953e-02
5.333333333333333037e+00,-2.720518769008188620e-02
5.366666666666666252e+00,-3.416431768781263284e-02
5.400000000000000355e+00,-4.368137644339070008e-02
5.433333333333333570e+00,-4.707189640912963491e-02
5.466666666666666785e+00,-4.313690116129535040e-02
5.500000000000000000e+00,-3.968954276082412025e-02
5.533333333333333215e+00,-4.296390724181584075e-02
5.566666666666666430e+00,-4.735394261011421219e-02
5.599999999999999645e+00,-4.548110987096549984e-02
5.633333333333332860e+00,-4.099720304917966324e-02
5.666666666666666963e+00,-4.034369351751970062e-02
5.700000000000000178e+00,-3.818439390726079824e-02
5.733333333333333393e+00,-2.739040572910736784e-02
5.766666666666666607e+00,-1.381994431292062758e-02
5.799999999999999822e+00,-4.225152361396320236e-03
5.833333333333333037e+00,6.631168073573714614e-03
5.866666666666666252e+00,2.409150518212445011e-02
5.900000000000000355e+00,4.176279844374738981e-02
5.933333333333333570e+00,5.253520601272744506e-02
5.966666666666666785e+00,5.903699365045450564e-02
6.000000000000000000e+00,6.723372473372968283e-02
6.033333333333333215e+00,7.137119565595224924e-02
6.066666666666666430e+00,6.483745479871494410e-02
6.099999999999999645e+00,5.311782724651942927e-02
6.133333333333332860e+00,4.359296593990678176e-02
6.166666666666666963e+00,3.270201817286068346e-02
6.200000000000000178e+00,1.569285478560417460e-02
6.233333333333333393e+00,-1.088150195465531316e-03
6.266666666666666607e+00,-9.524838399009916134e-03
6.299999999999999822e+00,-1.519274064840071131e-02
6.333333333333333037e+00,-2.596442121202854544e-02
6.366666666666666252e+00,-3.645900931292482550e-02
6.400000000000000355e+00,-3.855333595062213070e-02
6.433333333333333570e+00,-3.765247750426869988e-02
6.466666666666666785e+00,-4.154597835012820845e-02
6.500000000000000000e+00,-4.489772013319667798e-02
6.533333333333333215e+00,-3.963212734701888895e-02
6.566666666666666430e+00,-3.129623756775932325e-02
6.599999999999999645e+00,-2.774505911554275145e-02
6.633333333333332860e+00,-2.363291235766991349e-02
6.666666666666666963e+00,-1.083622984470045472e-02
6.700000000000000178e+00,5.477246947035508892e-03
6.733333333333333393e+00,1.693011734003430427e-02
6.766666666666666607e+00,2.499483650248628466e-02
6.799999999999999822e+00,3.622507844356496337e-02
6.833333333333333037e+00,4.510375061149286130e-02
6.866666666666666252e+00,4.368227186787235899e-02
6.899999999999999467e+00,3.621398356946878977e-02
6.933333333333333570e+00,3.078583030429063450e-02
6.966666666666666785e+00,2.345256334413672178e-02
7.000000000000000000e+00,1.088497450974378229e-02
7.033333333333333215e+00,-1.512796031878810852e-03
7.066666666666666430e+00,-6.982236407945983589e-03
7.099999999999999645e+00,-1.087758789863116880e-02
7.133333333333332860e+00,-1.979095518352534319e-02
7.166666666666666963e+00,-2.896398249928164997e-02
7.200000000000000178e+00,-3.134043573231681812e-02
7.233333333333333393e+00,-3.172720751347486018e-02
7.266666666666666607e+00,-3.652785962345560938e-02
7.299999999999999822e+00,-4.149467574323327523e-02
7.333333333333333037e+00,-3.982515739961621504e-02
7.366666666666666252e+00,-3.634966521957438274e-02
7.399999999999999467e+00,-3.748572634613115545e-02
7.433333333333333570e+00,-3.899604667792047619e-02
7.466666666666666785e+00,-3.408767345743061311e-02
7.500000000000000000e+00,-2.761083044312474116e-02
7.533333333333333215e+00,-2.597813078314256674e-02
7.566666666666666430e+00,-2.495026456068543882e-02
7.599999999999999645e+00,-1.772928679112898559e-02
7.633333333333332860e+00,-9.101511488690323948e-03
7.666666666666666963e+00,-5.417678849681037759e-03
7.700000000000000178e+00,-2.462347506565089068e-03
7.733333333333333393e+00,6.531250009691107888e-03
7.766666666666666607e+00,1.680023384710124801e-02
7.799999999999999822e+00,2.204506295767803478e-02
7.833333333333333037e+00,2.645095025931423760e-02
7.866666666666666252e+00,3.674345033302342522e-02
7.899999999999999467e+00,4.818876742259772805e-02
7.933333333333333570e+00,5.435402425927290948e-02
7.966666666666666785e+00,5.823450473725877430e-02
8.000000000000000000e+00,6.604691532060341652e-02
8.033333333333333215e+00,7.317185877086775092e-02
8.066666666666666430e+00,7.347851340963221234e-02
8.099999999999999645e+00,7.105268313098127286e-02
8.133333333333332860e+00,7.253230233198688925e-02
8.166666666666666075e+00,7.330458739320894201e-02
8.199999999999999289e+00,6.725259205391438677e-02
8.233333333333332504e+00,5.845673566543326677e-02
8.266666666666665719e+00,5.349185989150569143e-02
8.300000000000000711e+00,4.758569398074707218e-02
8.333333333333333925e+00,3.433205718703027237e-02
8.366666666666667140e+00,1.777492679345640814e-02
8.400000000000000355e+00,4.392864227018507955e-03
8.433333333333333570e+00,-9.540794757708540019e-03
8.466666666666666785e+00,-2.516506722521591813e-02
8.500000000000000000e+00,-3.649339097379561414e-02
8.533333333333333215e+00,-3.686679244157906044e-02
8.566666666666666430e+00,-3.146673062451529196e-02
8.599999999999999645e+00,-2.799910769159256324e-02
8.633333333333332860e+00,-2.844191174446657894e-02
8.666666666666666075e+00,-2.647563967172766528e-02
8.699999999999999289e+00,-2.040106896254191213e-02
8.733333333333332504e+00,-1.613980701209664914e-02
8.766666666666665719e+00,-1.823646622394726677e-02
8.800000000000000711e+00,-2.069581540290002519e-02
8.833333333333333925e+00,-1.530140578873279839e-02
8.866666666666667140e+00,-5.816585383012705737e-03
8.900000000000000355e+00,-1.401342243227196170e-04
8.933333333333333570e+00,2.588712692068976737e-03
8.966666666666666785e+00,9.208938238676085686e-03
9.000000000000000000e+00,1.607125831026711901e-02
9.033333333333333215e+00,1.578018803408717460e-02
9.066666666666666430e+00,1.322646506234926959e-02
9.099999999999999645e+00,1.668966113040437280e-02
9.133333333333332860e+00,2.223612769613346474e-02
9.166666666666666075e+00,2.244297739129689703e-02
9.199999999999999289e+00,2.190058960354673498e-02
9.233333333333332504e+00,2.692920213927524342e-02
9.266666666666665719e+00,3.312783956775797178e-02
9.300000000000000711e+00,3.318344816664394598e-02
9.333333333333333925e+00,3.169480857890575459e-02
9.366666666666667140e+00,3.513203599090046481e-02
9.400000000000000355e+00,3.925597815188187900e-02
9.433333333333333570e+00,3.785870209244183299e-02
9.466666666666666785e+00,3.447205218950084860e-02
9.500000000000000000e+00,3.568988915645493476e-02
9.533333333333333215e+00,3.754435425019166800e-02
9.566666666666666430e+00,3.372753990869988699e-02
9.599999999999999645e+00,2.849337468659628170e-02
9.633333333333332860e+00,2.631365996317545919e-02
9.666666666666666075e+00,2.240989518226433122e-02
9.699999999999999289e+00,1.094389086457329095e-02
9.733333333333332504e+00,-3.026831728775665909e-03
9.766666666666665719e+00,-1.240662188526691842e-02
9.800000000000000711e+00,-2.100720861791708846e-02
9.833333333333333925e+00,-3.458042785940975555e-02
9.866666666666667140e+00,-4.784679662919538029e-02
9.900000000000000355e+00,-5.346924489345969422e-02
9.933333333333333570e+00,-5.524065081266520821e-02
9.966666666666666785e+00,-5.949500162374309759e-02
1.000000000000000000e+01,-6.145909679312625690e-02
1.003333333333333321e+01,-5.417422086145540217e-02
1.006666666666666643e+01,-4.207021277384689895e-02
1.009999999999999964e+01,-3.268508936044321050e-02
1.013333333333333286e+01,-2.971794355334492557e-02
1.016666666666666607e+01,-2.731831149462897110e-02
1.019999999999999929e+01,-1.776334632346727310e-02
1.023333333333333250e+01,-4.967968477124756060e-03
1.026666666666666572e+01,2.910041018385169619e-03
1.030000000000000071e+01,9.301020886532828172e-03
1.033333333333333393e+01,2.074803790446014956e-02
1.036666666666666714e+01,3.331055620674230888e-02
1.040000000000000036e+01,3.960431496628227105e-02
1.043333333333333357e+01,4.008065448869420344e-02
1.046666666666666679e+01,3.940907571769207418e-02
1.050000000000000000e+01,3.390006456375344035e-02
1.053333333333333321e+01,2.139825578766163527e-02
1.056666666666666643e+01,8.215895002964129779e-03
1.059999999999999964e+01,5.067350603720667404e-04
1.063333333333333286e+01,-5.799741517579808624e-03
1.066666666666666607e+01,-1.714379343386226995e-02
1.069999999999999929e+01,-2.750861374207934015e-02
1.073333333333333250e+01,-3.027785189237484215e-02
1.076666666666666572e+01,-3.121573830049676965e-02
1.080000000000000071e+01,-3.731476173060732648e-02
1.083333333333333393e+01,-4.259831281940442554e-02
1.086666666666666714e+01,-4.049989516113853411e-02
1.090000000000000036e+01,-3.673015716122242369e-02
1.093333333333333357e+01,-3.825152016369542940e-02
1.096666666666666679e+01,-3.913232770697448043e-02
1.100000000000000000e+01,-3.282478771919063870e-02
1.103333333333333321e+01,-2.497568796980272413e-02
1.106666666666666643e+01,-2.252598290730785033e-02
1.109999999999999964e+01,-1.959456901590587996e-02
1.113333333333333286e+01,-9.553616355261425330e-03
1.116666666666666607e+01,2.553231686275018140e-03
1.119999999999999929e+01,9.774565095446430957e-03
1.123333333333333250e+01,1.716651121474372169e-02
1.126666666666666572e+01,2.889468217034409092e-02
1.130000000000000071e+01,3.845194025302120511e-02
1.133333333333333393e+01,3.862087681006216161e-02
1.136666666666666714e+01,3.516209505543330810e-02
1.140000000000000036e+01,3.472960104365890172e-02
1.143333333333333357e+01,3.183460538677454488e-02
1.146666666666666679e+01,1.949325417243823536e-02
1.150000000000000000e+01,3.504533798635061943e-03
1.153333333333333321e+01,-8.720607377146957773e-03
1.156666666666666643e+01,-1.833201526326268954e-02
1.159999999999999964e+01,-3.077662178169623258e-02
1.163333333333333286e+01,-4.030609659083865537e-02
1.166666666666666607e+01,-4.019549981898714458e-02
1.169999999999999929e+01,-3.591826174951411738e-02
1.173333333333333250e+01,-3.456905974494003941e-02
1.176666666666666572e+01,-3.063777156295803203e-02
1.180000000000000071e+01,-1.864551578718046457e-02
1.183333333333333393e+01,-4.838444425394463483e-03
1.186666666666666714e+01,3.054218154231253674e-03
1.190000000000000036e+01,1.050328332144858171e-02
1.193333333333333357e+01,2.426935103133862764e-02
1.196666666666666679e+01,3.851009246680240500e-02
