0.000000000000000000e+00,-2.504016859398429107e-01
3.333333333333333287e-02,2.324704330147542852e-01
6.666666666666666574e-02,6.369560285508758524e-01
1.000000000000000056e-01,1.038516291660769086e+00
1.333333333333333315e-01,1.435539902049398853e+00
1.666666666666666574e-01,1.824508951599962403e+00
2.000000000000000111e-01,1.968944052089421470e+00
2.333333333333333370e-01,1.925276272023369595e+00
2.666666666666666630e-01,1.815139402392031753e+00
2.999999999999999889e-01,1.690800376757222834e+00
3.333333333333333148e-01,1.569484339615033974e+00
3.666666666666666408e-01,1.456348443763141765e+00
4.000000000000000222e-01,1.344405410759002661e+00
4.333333333333333481e-01,1.226519536734593352e+00
4.666666666666666741e-01,1.101590049144334893e+00
5.000000000000000000e-01,9.760749191691627802e-01
5.333333333333333259e-01,8.537356689195518822e-01
5.666666666666666519e-01,7.447345526546410577e-01
5.999999999999999778e-01,6.553431728437771886e-01
6.333333333333333037e-01,5.906468264712496641e-01
6.666666666666666297e-01,5.470425578338197203e-01
6.999999999999999556e-01,5.178612822929491433e-01
7.333333333333332815e-01,4.925323947401310520e-01
7.666666666666666075e-01,4.642339089263590179e-01
8.000000000000000444e-01,4.382077263036698311e-01
8.333333333333333703e-01,4.103002950026430340e-01
8.666666666666666963e-01,3.783003962351151883e-01
9.000000000000000222e-01,3.442084498999465336e-01
9.333333333333333481e-01,3.066609631087355292e-01
9.666666666666666741e-01,2.695770569914752168e-01
1.000000000000000000e+00,2.338621876096174668e-01
1.033333333333333215e+00,2.059874669548257820e-01
1.066666666666666652e+00,1.836962060983388101e-01
1.100000000000000089e+00,1.643193188474868227e-01
1.133333333333333304e+00,1.451371765805779535e-01
1.166666666666666741e+00,1.307400913770046247e-01
1.199999999999999956e+00,1.240111409527965697e-01
1.233333333333333393e+00,1.196799021498412413e-01
1.266666666666666607e+00,1.126785048682037160e-01
1.300000000000000044e+00,1.063518318686005187e-01
1.333333333333333259e+00,1.009937406711506058e-01
1.366666666666666696e+00,9.385471435200552770e-02
1.399999999999999911e+00,8.465124089573841659e-02
1.433333333333333348e+00,7.658403526222629099e-02
1.466666666666666563e+00,6.808118883389134568e-02
1.500000000000000000e+00,5.907397011861137415e-02
1.533333333333333215e+00,5.154924711381568547e-02
1.566666666666666652e+00,4.533256550309217731e-02
1.600000000000000089e+00,4.105211443136987798e-02
1.633333333333333304e+00,3.710590196686545245e-02
1.666666666666666741e+00,3.500646063695683763e-02
1.699999999999999956e+00,3.413189860289562311e-02
1.733333333333333393e+00,3.207809971200498156e-02
1.766666666666666607e+00,2.989936744481902151e-02
1.800000000000000044e+00,2.678063506792846549e-02
1.833333333333333259e+00,2.492528632095986421e-02
1.866666666666666696e+00,2.271603467735967830e-02
1.899999999999999911e+00,2.080365689520919520e-02
1.933333333333333348e+00,1.888798492523491648e-02
1.966666666666666563e+00,1.667300582296629349e-02
2.000000000000000000e+00,1.457259300793147666e-02
2.033333333333333215e+00,1.321435072037239686e-02
2.066666666666666430e+00,1.151115847803595160e-02
2.100000000000000089e+00,9.235589222646150426e-03
2.133333333333333304e+00,7.143863062938144576e-03
2.166666666666666519e+00,7.302938229193375354e-03
2.200000000000000178e+00,7.435909872222767197e-03
2.233333333333333393e+00,7.844177537215045806e-03
2.266666666666666607e+00,7.711784095863969714e-03
2.299999999999999822e+00,7.398806199369999635e-03
2.333333333333333481e+00,6.790366163108664532e-03
2.366666666666666696e+00,6.158777736640967670e-03
2.399999999999999911e+00,5.236017668891417877e-03
2.433333333333333126e+00,4.169504381045887643e-03
2.466666666666666785e+00,3.036239432332945958e-03
2.500000000000000000e+00,2.967765879994156350e-03
2.533333333333333215e+00,2.182962110214959651e-03
2.566666666666666430e+00,1.465645698693581085e-03
2.600000000000000089e+00,2.409434655157306673e-03
2.633333333333333304e+00,2.783041897942639068e-03
2.666666666666666519e+00,2.447198757773952783e-03
2.700000000000000178e+00,2.502964073140817505e-03
2.733333333333333393e+00,2.251993544245991033e-03
2.766666666666666607e+00,1.818410520370324426e-03
2.799999999999999822e+00,1.460646737169051836e-03
2.833333333333333481e+00,7.486742476031207948e-04
2.866666666666666696e+00,7.533777195112538070e-04
2.899999999999999911e+00,-3.111355577441642572e-04
2.933333333333333126e+00,-5.225303496316740896e-04
2.966666666666666785e+00,6.290975690918358416e-04
3.000000000000000000e+00,8.043774891254567173e-04
3.033333333333333215e+00,1.005947219433068161e-03
3.066666666666666430e+00,8.517490068896015802e-04
3.100000000000000089e+00,1.047564451569684384e-03
3.133333333333333304e+00,8.618017395387271703e-04
3.166666666666666519e+00,2.503877951596339651e-04
3.200000000000000178e+00,3.559753662286999467e-04
3.233333333333333393e+00,2.850641805485480836e-04
3.266666666666666607e+00,6.262569965860796672e-04
3.299999999999999822e+00,4.841962966142603314e-04
3.333333333333333481e+00,3.530199736927912605e-04
3.366666666666666696e+00,5.390642976886206219e-04
3.399999999999999911e+00,4.733451560783086048e-04
3.433333333333333126e+00,4.543173597724459189e-04
3.466666666666666785e+00,2.218226816802657474e-04
3.500000000000000000e+00,2.271953266643895444e-04
3.533333333333333215e+00,4.536320359417103112e-04
3.566666666666666430e+00,3.583324574558616540e-04
3.600000000000000089e+00,-3.236614878000508306e-04
3.633333333333333304e+00,-1.246571520940781969e-03
3.666666666666666519e+00,-1.189413418230204434e-03
3.699999999999999734e+00,-3.008696969534964297e-04
3.733333333333333393e+00,-4.222658364399375051e-04
3.766666666666666607e+00,-3.097439579178235870e-04
3.799999999999999822e+00,-5.364550277620496301e-04
3.833333333333333481e+00,-1.146603185761966952e-03
3.866666666666666696e+00,-1.678413428522671034e-03
3.899999999999999911e+00,-9.550216460859926653e-04
3.933333333333333126e+00,-8.483308415259655606e-04
3.966666666666666785e+00,-1.992352716087773248e-04
4.000000000000000000e+00,5.672476483616586311e-04
4.033333333333333215e+00,6.751193608200167263e-04
4.066666666666666430e+00,5.922678306371736805e-04
4.099999999999999645e+00,-5.018312012947329440e-04
4.133333333333332860e+00,-1.356980900034521339e-03
4.166666666666666963e+00,-1.017706075397070697e-03
4.200000000000000178e+00,-8.855501653674074068e-04
4.233333333333333393e+00,-1.664245278884606775e-04
4.266666666666666607e+00,2.161204548368036212e-04
4.299999999999999822e+00,3.508991537640932033e-04
4.333333333333333037e+00,5.326654619512302897e-04
4.366666666666666252e+00,4.260901619572132737e-04
4.400000000000000355e+00,2.548586471016761222e-04
4.433333333333333570e+00,-1.965946296587645222e-04
4.466666666666666785e+00,-2.321186041383005460e-04
4.500000000000000000e+00,-5.439561022656519548e-04
4.533333333333333215e+00,-7.070373995225080537e-04
4.566666666666666430e+00,-1.080611121514434350e-03
4.599999999999999645e+00,-1.715130529813243014e-03
4.633333333333332860e+00,-1.300459854024208243e-03
4.666666666666666963e+00,-1.004762271020881058e-03
4.700000000000000178e+00,2.644216422617613879e-04
4.733333333333333393e+00,7.637714561106072938e-04
4.766666666666666607e+00,8.937266766660954039e-04
4.799999999999999822e+00,5.983308103545613389e-04
4.833333333333333037e+00,1.447894648449137402e-04
4.866666666666666252e+00,6.303090227205118993e-04
4.900000000000000355e+00,5.021222577910520969e-04
4.933333333333333570e+00,6.822046102051974089e-04
4.966666666666666785e+00,5.024569940294404402e-04
5.000000000000000000e+00,-4.637897061282260011e-05
5.033333333333333215e+00,-3.839104414238579720e-04
5.066666666666666430e+00,-1.314140789838362619e-04
5.099999999999999645e+00,-3.685279567522752823e-04
5.133333333333332860e+00,-1.120767428211235511e-03
5.166666666666666963e+00,-2.241983205819725756e-03
5.200000000000000178e+00,-1.755851323006484953e-03
5.233333333333333393e+00,-5.921161161226574498e-04
5.266666666666666607e+00,6.488230390695936482e-05
5.299999999999999822e+00,9.533798894124838959e-05
5.333333333333333037e+00,5.021737761649607175e-04
5.366666666666666252e+00,1.008101208214767032e-04
5.400000000000000355e+00,-5.020732881292051895e-04
5.433333333333333570e+00,-7.729823720588934258e-04
5.466666666666666785e+00,5.321923281828420298e-05
5.500000000000000000e+00,1.025618771685891435e-04
5.533333333333333215e+00,6.964969372485167601e-05
5.566666666666666430e+00,6.771173813421231441e-06
5.599999999999999645e+00,-1.815781876462795117e-04
5.633333333333332860e+00,-4.289257055346701059e-04
5.666666666666666963e+00,1.637992884219454065e-04
5.700000000000000178e+00,2.855590461349273752e-04
5.733333333333333393e+00,3.815050797362663369e-04
5.766666666666666607e+00,1.920191174981354134e-04
5.799999999999999822e+00,-1.051466168421360170e-04
5.833333333333333037e+00,-4.387703096899780368e-04
5.866666666666666252e+00,-8.835186575434888622e-04
5.900000000000000355e+00,-1.708017306774689895e-03
5.933333333333333570e+00,-2.233656329256085600e-03
5.966666666666666785e+00,-1.066605558074148292e-03
6.000000000000000000e+00,-4.249723665211081378e-04
6.033333333333333215e+00,-2.026099468453189173e-04
6.066666666666666430e+00,3.463437684075372936e-04
6.099999999999999645e+00,7.027161658274247479e-04
6.133333333333332860e+00,1.781401776728816413e-04
6.166666666666666963e+00,-5.219332340139115796e-04
6.200000000000000178e+00,-3.386125613586849761e-04
6.233333333333333393e+00,-4.079504617055656752e-04
6.266666666666666607e+00,-1.080329562982648852e-04
6.299999999999999822e+00,1.265094778389439412e-04
6.333333333333333037e+00,-2.032395876332128992e-05
6.366666666666666252e+00,-4.411076740703595784e-04
6.400000000000000355e+00,-4.121465868336171893e-04
6.433333333333333570e+00,1.599705636629739362e-04
6.466666666666666785e+00,1.400567987255951126e-05
6.500000000000000000e+00,-4.032755569509619974e-04
6.533333333333333215e+00,-1.671695196658891895e-05
6.566666666666666430e+00,3.377831382375269227e-04
6.599999999999999645e+00,1.516536515405453854e-04
6.633333333333332860e+00,-3.087907141953051397e-04
6.666666666666666963e+00,-7.744117199124698299e-04
6.700000000000000178e+00,-4.404203701570048889e-04
6.733333333333333393e+00,-6.606583705261106099e-04
6.766666666666666607e+00,-2.595899444340988627e-04
6.799999999999999822e+00,-3.199318706378862995e-04
6.833333333333333037e+00,-1.033510420544595963e-03
6.866666666666666252e+00,-9.514509210505868800e-04
6.899999999999999467e+00,-1.678269242360977181e-04
6.933333333333333570e+00,3.441084293887268649e-04
6.966666666666666785e+00,7.090279558502230687e-06
7.000000000000000000e+00,-5.289918742236413723e-05
7.033333333333333215e+00,-5.846604152943789398e-04
7.066666666666666430e+00,-8.921970057972402474e-04
7.099999999999999645e+00,-4.013501692549448826e-05
7.133333333333332860e+00,-4.458994141638769485e-04
7.166666666666666963e+00,-3.150678440795904407e-04
7.200000000000000178e+00,1.527063243028644137e-04
7.233333333333333393e+00,5.299790408836063714e-04
7.266666666666666607e+00,3.754756960575376772e-04
7.299999999999999822e+00,-1.064816942627013505e-04
7.333333333333333037e+00,1.148193468117675092e-04
7.366666666666666252e+00,5.455292222799513905e-04
7.399999999999999467e+00,3.454590266662067323e-04
7.433333333333333570e+00,-1.817723825813645044e-04
7.466666666666666785e+00,4.909157847215405671e-05
7.500000000000000000e+00,5.792625242550477780e-04
7.533333333333333215e+00,4.779609006506416700e-04
7.566666666666666430e+00,8.074084416092761844e-05
7.599999999999999645e+00,3.540409138653533645e-04
7.633333333333332860e+00,6.062073845403925755e-04
7.666666666666666963e+00,5.605787315707192039e-04
7.700000000000000178e+00,2.854948404676877025e-04
7.733333333333333393e+00,2.025831169821152872e-04
7.766666666666666607e+00,-4.081669854352552417e-05
7.799999999999999822e+00,-2.019793515024965620e-05
7.833333333333333037e+00,-9.597112925890163024e-05
7.866666666666666252e+00,-7.148043142340474018e-04
7.899999999999999467e+00,-1.713728643948327687e-03
7.933333333333333570e+00,-2.256090001501930183e-03
7.966666666666666785e+00,-1.298685790254707102e-03
8.000000000000000000e+00,-1.405051103121245093e-03
8.033333333333333215e+00,-1.715615226387924661e-03
8.066666666666666430e+00,-7.044917535335590243e-04
8.099999999999999645e+00,3.274416218295917629e-04
8.133333333333332860e+00,5.030204943260581331e-04
8.166666666666666075e+00,3.393501512928099673e-04
8.199999999999999289e+00,6.372923705385450744e-04
8.233333333333332504e+00,6.305821414080469214e-04
8.266666666666665719e+00,3.821753942682155208e-04
8.300000000000000711e+00,-4.405857102975615830e-05
8.333333333333333925e+00,-6.185733737128948058e-04
8.366666666666667140e+00,-1.895787218099663236e-03
8.400000000000000355e+00,-1.443173332910994196e-03
8.433333333333333570e+00,-1.618074786832831473e-03
8.466666666666666785e+00,-1.885460088531894099e-03
8.500000000000000000e+00,-2.210698606263509537e-03
8.533333333333333215e+00,-1.555600458639397809e-03
8.566666666666666430e+00,4.208490758961274314e-05
8.599999999999999645e+00,2.364835232346788971e-04
8.633333333333332860e+00,3.423565430960547138e-04
8.666666666666666075e+00,2.742342909442846595e-04
8.699999999999999289e+00,3.138355946095541463e-06
8.733333333333332504e+00,1.632614420921779642e-04
8.766666666666665719e+00,5.946162833463949178e-04
8.800000000000000711e+00,3.967606205198837563e-04
8.833333333333333925e+00,-1.611968770218742924e-04
8.866666666666667140e+00,-6.185599125499410735e-04
8.900000000000000355e+00,-1.394746373115675385e-03
8.933333333333333570e+00,-9.103551856330290839e-04
8.966666666666666785e+00,-8.303725397184149367e-04
9.000000000000000000e+00,-2.494194896749405885e-04
9.033333333333333215e+00,5.081235079661405862e-04
9.066666666666666430e+00,8.745202842769752736e-04
9.099999999999999645e+00,4.303762335108710676e-04
9.133333333333332860e+00,1.749314808081777188e-04
9.166666666666666075e+00,-7.676653021694522234e-05
9.199999999999999289e+00,-1.829750616438955162e-04
9.233333333333332504e+00,-6.696421525221612115e-05
9.266666666666665719e+00,-7.588133385337526805e-04
9.300000000000000711e+00,-1.293217690738512329e-03
9.333333333333333925e+00,-1.569903343425759065e-03
9.366666666666667140e+00,-3.738680783426400118e-04
9.400000000000000355e+00,1.731494464912723859e-04
9.433333333333333570e+00,2.441952421290935786e-04
9.466666666666666785e+00,4.829266738271250151e-04
9.500000000000000000e+00,6.920532568488435001e-04
9.533333333333333215e+00,2.600280755670269584e-04
9.566666666666666430e+00,6.084264335244848844e-04
9.599999999999999645e+00,5.090758137862852126e-04
9.633333333333332860e+00,7.067475494391371738e-04
9.666666666666666075e+00,4.332751604813224054e-04
9.699999999999999289e+00,4.413333666153489978e-04
9.733333333333332504e+00,1.435755262513146134e-04
9.766666666666665719e+00,-5.452301347729586987e-04
9.800000000000000711e+00,-1.487516464690864706e-03
9.833333333333333925e+00,-2.212325911302712340e-03
9.866666666666667140e+00,-1.401635752293740140e-03
9.900000000000000355e+00,-6.412761885800006591e-04
9.933333333333333570e+00,-4.267285480183586363e-04
9.966666666666666785e+00,2.861381283629227932e-04
1.000000000000000000e+01,3.370813080767997823e-04
1.003333333333333321e+01,-1.124275808287927088e-04
1.006666666666666643e+01,1.144709894255773375e-04
1.009999999999999964e+01,-5.676468576760830336e-04
1.013333333333333286e+01,-3.860108298757990468e-04
1.016666666666666607e+01,1.246562117010509567e-05
1.019999999999999929e+01,1.405683561359252342e-04
1.023333333333333250e+01,-4.204900574360427188e-04
1.026666666666666572e+01,-9.755116969141721826e-04
1.030000000000000071e+01,-1.196601898718071362e-03
1.033333333333333393e+01,-5.574670418751357043e-04
1.036666666666666714e+01,-5.334440659239198575e-04
1.040000000000000036e+01,-8.165995176986565055e-04
1.043333333333333357e+01,-2.267662724500452078e-04
1.046666666666666679e+01,-2.879579359156852239e-05
1.050000000000000000e+01,2.306843341763856084e-04
1.053333333333333321e+01,8.062570457629950667e-04
1.056666666666666643e+01,8.293902843520471703e-04
1.059999999999999964e+01,6.433913428581176496e-04
1.063333333333333286e+01,-1.723468024980309786e-04
1.066666666666666607e+01,-7.209703363923387117e-04
1.069999999999999929e+01,-4.369677598557814512e-04
1.073333333333333250e+01,1.082551664486893037e-04
1.076666666666666572e+01,2.351364890227016391e-04
1.080000000000000071e+01,1.226726583177690795e-04
1.083333333333333393e+01,1.873097185488787416e-04
1.086666666666666714e+01,3.935234070851605093e-04
1.090000000000000036e+01,4.867303198916936974e-04
1.093333333333333357e+01,4.097334289083044505e-04
1.096666666666666679e+01,3.132155104765850908e-04
1.100000000000000000e+01,2.884040343144924625e-04
1.103333333333333321e+01,2.295160543245866884e-04
1.106666666666666643e+01,1.417092043648323838e-04
1.109999999999999964e+01,1.532756151404446570e-04
1.113333333333333286e+01,-5.382841325659141769e-04
1.116666666666666607e+01,-6.452058893337837397e-04
1.119999999999999929e+01,-5.448298838887392567e-04
1.123333333333333250e+01,-6.560579753533495560e-04
1.126666666666666572e+01,-8.564638422084071973e-04
1.130000000000000071e+01,-1.290472861627365350e-03
1.133333333333333393e+01,-5.003922339843031811e-04
1.136666666666666714e+01,-2.272539675546300176e-04
1.140000000000000036e+01,-2.964872052273343763e-04
1.143333333333333357e+01,5.730093276047946803e-05
1.146666666666666679e+01,3.049419039386373005e-04
1.150000000000000000e+01,6.710749351354842042e-05
1.153333333333333321e+01,-1.113054756229936567e-03
1.156666666666666643e+01,-4.610374987348978058e-04
1.159999999999999964e+01,-5.289831860879508352e-04
1.163333333333333286e+01,-5.341639186502941151e-04
1.166666666666666607e+01,1.435982901163770106e-05
1.169999999999999929e+01,6.120353668922760859e-05
1.173333333333333250e+01,-3.032010892700938258e-04
1.176666666666666572e+01,-1.159474203263057826e-03
1.180000000000000071e+01,-3.807360842526059854e-04
1.183333333333333393e+01,-7.547334022305236811e-04
1.186666666666666714e+01,-2.766942795201738975e-04
1.190000000000000036e+01,-2.051331976779264936e-04
1.193333333333333357e+01,-2.907004440643194600e-04
1.196666666666666679e+01,-9.524361262896450554e-04
