0.000000000000000000e+00,3.064720423938068539e+00
3.333333333333333287e-02,-9.837623887064043116e-01
6.666666666666666574e-02,-9.816835737058723366e-01
1.000000000000000056e-01,-9.796030227961334269e-01
1.333333333333333315e-01,-9.775195043907746184e-01
1.666666666666666574e-01,-8.914882267031392082e-01
2.000000000000000111e-01,1.677518194110884653e-01
2.333333333333333370e-01,1.094433719327275734e+00
2.666666666666666630e-01,1.864724057653827760e+00
2.999999999999999889e-01,2.500785237765479785e+00
3.333333333333333148e-01,3.185128596556646485e+00
3.666666666666666408e-01,3.338567099643446223e+00
4.000000000000000222e-01,2.386088888603288716e+00
4.333333333333333481e-01,1.862937182881589271e+00
4.666666666666666741e-01,1.144114464849111279e+00
5.000000000000000000e-01,9.852043759205877937e-02
5.333333333333333259e-01,-7.857764865150173028e-01
5.666666666666666519e-01,-1.371151972695344723e+00
5.999999999999999778e-01,-1.995495844089742121e+00
6.333333333333333037e-01,-2.491296817733157365e+00
6.666666666666666297e-01,-3.364236943214628628e+00
6.999999999999999556e-01,-2.500128203382685932e+00
7.333333333333332815e-01,-1.650200932110173380e+00
7.666666666666666075e-01,-2.327652038730623651e+00
8.000000000000000444e-01,-1.743060402300454781e+00
8.333333333333333703e-01,-9.636070858329098821e-01
8.666666666666666963e-01,-2.315398068352763628e-01
9.000000000000000222e-01,-1.061868045570321994e+00
9.333333333333333481e-01,-3.231527163600433905e-01
9.666666666666666741e-01,3.799198018286820133e-01
1.000000000000000000e+00,1.153765244535647883e+00
1.033333333333333215e+00,4.768228167127512851e-01
1.066666666666666652e+00,-3.925340581148848984e-01
1.100000000000000089e+00,2.291564553648681724e-01
1.133333333333333304e+00,1.035359888974299203e+00
1.166666666666666741e+00,2.035261316162208622e+00
1.199999999999999956e+00,1.113255953737695148e+00
1.233333333333333393e+00,2.362994229867104168e-01
1.266666666666666607e+00,1.129320061057057067e+00
1.300000000000000044e+00,2.052320485573825959e+00
1.333333333333333259e+00,1.026094770497012476e+00
1.366666666666666696e+00,2.200962000420686460e-01
1.399999999999999911e+00,-5.233165411838951175e-02
1.433333333333333348e+00,8.619399307392036080e-01
1.466666666666666563e+00,-2.013283813915890674e-02
1.500000000000000000e+00,-8.594555304644783122e-01
1.533333333333333215e+00,-1.027436967608716112e-01
1.566666666666666652e+00,6.990637232630979303e-02
1.600000000000000089e+00,-7.756153332815026724e-01
1.633333333333333304e+00,-1.657482473316239657e+00
1.666666666666666741e+00,-9.299817068639603113e-01
1.699999999999999956e+00,7.565618925450601218e-02
1.733333333333333393e+00,1.177191490695708581e-01
1.766666666666666607e+00,-7.974753703108984348e-01
1.800000000000000044e+00,-3.712407715000325403e-01
1.833333333333333259e+00,6.679376761269381069e-01
1.866666666666666696e+00,-1.123909327633668270e-01
1.899999999999999911e+00,-1.043713850801711418e+00
1.933333333333333348e+00,-3.568268741978230518e-01
1.966666666666666563e+00,6.624644624479042454e-01
2.000000000000000000e+00,5.149274471041941081e-02
2.033333333333333215e+00,-8.083380467637242273e-01
2.066666666666666430e+00,-1.183873740426740623e-01
2.100000000000000089e+00,9.051798734495072329e-01
2.133333333333333304e+00,8.289374017704130848e-01
2.166666666666666519e+00,1.067356875236057795e-01
2.200000000000000178e+00,2.594021851646803878e-01
2.233333333333333393e+00,1.059434430347234724e+00
2.266666666666666607e+00,4.427739559156129712e-02
2.299999999999999822e+00,-6.517348535008185006e-01
2.333333333333333481e+00,2.639022418726871821e-01
2.366666666666666696e+00,1.071176519014831463e+00
2.399999999999999911e+00,5.369444737280665292e-02
2.433333333333333126e+00,-6.383240700775963949e-01
2.466666666666666785e+00,-4.383371909395502586e-01
2.500000000000000000e+00,3.560582556263991449e-01
2.533333333333333215e+00,-6.779994540491423027e-01
2.566666666666666430e+00,-1.116301651396054861e+00
2.600000000000000089e+00,-1.921497949297129582e-01
2.633333333333333304e+00,8.131143550571569012e-01
2.666666666666666519e+00,-4.072264855274743134e-02
2.700000000000000178e+00,-9.442429572079094058e-01
2.733333333333333393e+00,-2.269038841961253383e-01
2.766666666666666607e+00,7.791067482482278983e-01
2.799999999999999822e+00,-3.294924301679144629e-02
2.833333333333333481e+00,-8.552100377643545581e-01
2.866666666666666696e+00,-1.470233344299645140e-01
2.899999999999999911e+00,7.966567712045222738e-01
2.933333333333333126e+00,1.049381401437152528e+00
2.966666666666666785e+00,1.392984223127357590e-01
3.000000000000000000e+00,-7.180553651287443495e-01
3.033333333333333215e+00,2.854378820694680741e-01
3.066666666666666430e+00,1.285985199865899542e+00
3.100000000000000089e+00,3.796409533760222166e-01
3.133333333333333304e+00,-5.211573972930670928e-01
3.166666666666666519e+00,-1.026238850587713358e+00
3.200000000000000178e+00,-2.296763468493864813e-02
3.233333333333333393e+00,7.235191192045475894e-01
3.266666666666666607e+00,-1.785505082336119598e-01
3.299999999999999822e+00,-1.007238010248558524e+00
3.333333333333333481e+00,-9.534535210245581593e-03
3.366666666666666696e+00,7.115201567465352372e-01
3.399999999999999911e+00,-1.603617514931537369e-01
3.433333333333333126e+00,-9.941912637363169436e-01
3.466666666666666785e+00,-2.096018507504585071e-03
3.500000000000000000e+00,7.256550381801126770e-01
3.533333333333333215e+00,-1.624958358154188209e-01
3.566666666666666430e+00,-9.984518010946594746e-01
3.600000000000000089e+00,-5.757397207231465530e-03
3.633333333333333304e+00,8.546154195987853974e-01
3.666666666666666519e+00,7.526782000927469962e-01
3.699999999999999734e+00,-2.688006915952541043e-01
3.733333333333333393e+00,-7.375983749102636711e-02
3.766666666666666607e+00,8.379342465746476565e-01
3.799999999999999822e+00,-1.940570049560431942e-02
3.833333333333333481e+00,-1.043584135731968843e+00
3.866666666666666696e+00,-1.602973519147876669e-01
3.899999999999999911e+00,7.516520589959116982e-01
3.933333333333333126e+00,2.599766966240394384e-01
3.966666666666666785e+00,-6.904095027841408161e-01
4.000000000000000000e+00,3.112649780776742814e-01
4.033333333333333215e+00,1.167950619672531110e+00
4.066666666666666430e+00,2.379059977609797594e-01
4.099999999999999645e+00,-6.581450804204631577e-01
4.133333333333332860e+00,-5.236902015780676711e-01
4.166666666666666963e+00,3.348342287379631466e-01
4.200000000000000178e+00,-9.768038835380117579e-02
4.233333333333333393e+00,-1.065650520275090996e+00
4.266666666666666607e+00,-7.269783329765203139e-02
4.299999999999999822e+00,8.146466223197316170e-01
4.333333333333333037e+00,-7.456839688251951093e-02
4.366666666666666252e+00,-1.069936253906470958e+00
4.400000000000000355e+00,-1.180033115010713507e-01
4.433333333333333570e+00,7.779338767350467698e-01
4.466666666666666785e+00,-8.878809295742481900e-02
4.500000000000000000e+00,-1.095476587500195276e+00
4.533333333333333215e+00,-1.367138765779231935e-01
4.566666666666666430e+00,7.774409485888407190e-01
4.599999999999999645e+00,1.179675851480616489e+00
4.633333333333332860e+00,1.690000152107979936e-01
4.666666666666666963e+00,-7.640219259475236058e-01
4.700000000000000178e+00,1.292857023242762471e-01
4.733333333333333393e+00,1.010977194278605884e+00
4.766666666666666607e+00,2.284471210509028682e-02
4.799999999999999822e+00,-9.667476132802484967e-01
4.833333333333333037e+00,-1.695965197402274360e-01
4.866666666666666252e+00,7.142394285002711118e-01
4.900000000000000355e+00,-1.160673104982962583e-01
4.933333333333333570e+00,-1.089429976909769504e+00
4.966666666666666785e+00,-4.023606919384454805e-01
5.000000000000000000e+00,4.885257784659048919e-01
5.033333333333333215e+00,1.517766233704304746e+00
5.066666666666666430e+00,5.436382404735993212e-01
5.099999999999999645e+00,-4.088686645301499167e-01
5.133333333333332860e+00,-1.137992668788217143e+00
5.166666666666666963e+00,-1.131706519652045384e-01
5.200000000000000178e+00,9.135065154956423239e-01
5.233333333333333393e+00,-6.270230691323944172e-03
5.266666666666666607e+00,-9.042191659112875923e-01
5.299999999999999822e+00,3.452579054860684116e-02
5.333333333333333037e+00,1.002112156088771133e+00
5.366666666666666252e+00,1.258172261101375144e-01
5.400000000000000355e+00,-7.406297624368045618e-01
5.433333333333333570e+00,-7.847004945903668371e-01
5.466666666666666785e+00,1.832044043233528874e-01
5.500000000000000000e+00,8.698896871715011692e-01
5.533333333333333215e+00,-4.594325636838841875e-03
5.566666666666666430e+00,-8.473929307362653152e-01
5.599999999999999645e+00,-1.587614492065155813e-01
5.633333333333332860e+00,6.385176801492788989e-01
5.666666666666666963e+00,-2.570611399693047416e-01
5.700000000000000178e+00,-1.100084373846751618e+00
5.733333333333333393e+00,-1.164131704912224480e-01
5.766666666666666607e+00,6.297944671996397181e-01
5.799999999999999822e+00,-2.391083034892560466e-01
5.833333333333333037e+00,-8.563755223335881572e-01
5.866666666666666252e+00,1.038212877321895850e-01
5.900000000000000355e+00,8.537921166426984954e-01
5.933333333333333570e+00,3.893671877415407767e-01
5.966666666666666785e+00,-4.628895423117497243e-01
6.000000000000000000e+00,5.209685031925852527e-01
6.033333333333333215e+00,1.244542142061186851e+00
6.066666666666666430e+00,3.431084386530010577e-01
6.099999999999999645e+00,-4.719654765926689644e-01
6.133333333333332860e+00,2.731500826660461234e-01
6.166666666666666963e+00,7.881129208165214006e-01
6.200000000000000178e+00,-1.298465549126596730e-01
6.233333333333333393e+00,-1.098567311309221806e+00
6.266666666666666607e+00,-1.057251563107280412e-01
6.299999999999999822e+00,7.813499175514601047e-01
6.333333333333333037e+00,-1.108813059038632198e-01
6.366666666666666252e+00,-1.103154727342103403e+00
6.400000000000000355e+00,-1.543270769026720002e-01
6.433333333333333570e+00,7.507169520666593376e-01
6.466666666666666785e+00,-1.276783354068983245e-01
6.500000000000000000e+00,-1.124373431219109376e+00
6.533333333333333215e+00,-1.559397682730170320e-01
6.566666666666666430e+00,7.478502190916769266e-01
6.599999999999999645e+00,-1.321081426940403092e-01
6.633333333333332860e+00,-1.128137920953947271e+00
6.666666666666666963e+00,-1.979853145152858929e-01
6.700000000000000178e+00,6.927456905481264027e-01
6.733333333333333393e+00,3.235063100333402386e-01
6.766666666666666607e+00,-6.221429082471875427e-01
6.799999999999999822e+00,3.942919883432978168e-01
6.833333333333333037e+00,1.233365775087589711e+00
6.866666666666666252e+00,4.576314579254817660e-01
6.899999999999999467e+00,-5.098528896105287700e-01
6.933333333333333570e+00,3.373277281266557903e-01
6.966666666666666785e+00,6.237592985251964040e-01
7.000000000000000000e+00,-1.140950311055204114e-01
7.033333333333333215e+00,-9.356691194597457351e-01
7.066666666666666430e+00,-6.130930985051005755e-03
7.099999999999999645e+00,7.173352340995688969e-01
7.133333333333332860e+00,-7.088907088086171537e-02
7.166666666666666963e+00,-9.163694876978437653e-01
7.200000000000000178e+00,-7.970334187747686594e-02
7.233333333333333393e+00,6.487982249978292426e-01
7.266666666666666607e+00,-6.951307664643481543e-02
7.299999999999999822e+00,-9.019944753472054488e-01
7.333333333333333037e+00,-5.434318484035095820e-02
7.366666666666666252e+00,6.654175311461634212e-01
7.399999999999999467e+00,-5.423003025638532815e-02
7.433333333333333570e+00,-8.810851539526058929e-01
7.466666666666666785e+00,-3.353637808187337477e-02
7.500000000000000000e+00,6.840522139151919978e-01
7.533333333333333215e+00,-2.659291956361985176e-02
7.566666666666666430e+00,-8.585168966914821231e-01
7.599999999999999645e+00,-3.338891091564973046e-02
7.633333333333332860e+00,6.912538614809147219e-01
7.666666666666666963e+00,-4.118509472301981611e-03
7.700000000000000178e+00,-8.440475258759133625e-01
7.733333333333333393e+00,-3.443548843560632899e-02
7.766666666666666607e+00,6.975477311403420755e-01
7.799999999999999822e+00,1.782650541707030134e-02
7.833333333333333037e+00,-8.307330204267592277e-01
7.866666666666666252e+00,-3.734884162400153862e-02
7.899999999999999467e+00,7.022505437674655404e-01
7.933333333333333570e+00,1.981061128750228328e-01
7.966666666666666785e+00,-6.491847124121911117e-01
8.000000000000000000e+00,1.470528290304753127e-01
8.033333333333333215e+00,8.595647219964308583e-01
8.066666666666666430e+00,1.684727833642837569e-01
8.099999999999999645e+00,-6.416262403558734562e-01
8.133333333333332860e+00,1.840673156857513537e-01
8.166666666666666075e+00,8.593785782003880991e-01
8.199999999999999289e+00,1.405714362537983098e-01
8.233333333333332504e+00,-6.325270934637194920e-01
8.266666666666665719e+00,2.377585279799837581e-01
8.300000000000000711e+00,9.168223675731520528e-01
8.333333333333333925e+00,1.820447089966682752e-01
8.366666666666667140e+00,-5.824801747963989085e-01
8.400000000000000355e+00,2.710098364321185116e-01
8.433333333333333570e+00,2.208810313601802244e-01
8.466666666666666785e+00,-5.080981692249443293e-01
8.500000000000000000e+00,-1.302459959038059445e+00
8.533333333333333215e+00,-3.976193598592148160e-01
8.566666666666666430e+00,3.199729205585775116e-01
8.599999999999999645e+00,5.233047803527033359e-01
8.633333333333332860e+00,-4.314315012991923881e-01
8.666666666666666075e+00,-5.039842510962978528e-01
8.699999999999999289e+00,2.874604818376463311e-01
8.733333333333332504e+00,8.111077118914780115e-01
8.766666666666665719e+00,-6.042664115822957149e-02
8.800000000000000711e+00,-1.072836743378933200e+00
8.833333333333333925e+00,-3.056648431790682796e-01
8.866666666666667140e+00,6.135809853839402361e-01
8.900000000000000355e+00,3.136248550789770828e-01
8.933333333333333570e+00,-6.997995206077557429e-01
8.966666666666666785e+00,4.436087821411308085e-02
9.000000000000000000e+00,9.473296943452832464e-01
9.033333333333333215e+00,1.152660420903734995e-01
9.066666666666666430e+00,-8.506655545801573570e-01
9.099999999999999645e+00,-1.144113448334869304e-01
9.133333333333332860e+00,7.509874152527433733e-01
9.166666666666666075e+00,-5.221074844365791723e-02
9.199999999999999289e+00,-7.316348847490440344e-01
9.233333333333332504e+00,-4.247557914904039056e-02
9.266666666666665719e+00,8.234152128257569148e-01
9.300000000000000711e+00,2.607596822850949403e-02
9.333333333333333925e+00,-6.894404552129314023e-01
9.366666666666667140e+00,2.526527277782494862e-02
9.400000000000000355e+00,7.413402012825168752e-01
9.433333333333333570e+00,1.292907093666343654e-01
9.466666666666666785e+00,-6.936294137093770296e-01
9.500000000000000000e+00,2.255517297037221147e-02
9.533333333333333215e+00,7.920537543386250157e-01
9.566666666666666430e+00,-2.282036092017242224e-03
9.599999999999999645e+00,-4.902564069443997585e-01
9.633333333333332860e+00,2.445847416444351108e-01
9.666666666666666075e+00,9.815503692609282016e-01
9.699999999999999289e+00,1.280033174292526665e-01
9.733333333333332504e+00,-7.270720268149188925e-01
9.766666666666665719e+00,1.402563388773801767e-02
9.800000000000000711e+00,7.538273909242809712e-01
9.833333333333333925e+00,-1.456454636584502138e-01
9.866666666666667140e+00,-9.768827166514146843e-01
9.900000000000000355e+00,-2.734927751553107855e-01
9.933333333333333570e+00,4.777090749965437477e-01
9.966666666666666785e+00,-3.109070903048544721e-01
1.000000000000000000e+01,-1.087380020701937955e+00
1.003333333333333321e+01,-3.319843056194755615e-01
1.006666666666666643e+01,3.325001385729993153e-01
1.009999999999999964e+01,7.721378881398093252e-01
1.013333333333333286e+01,-1.179360035391781303e-02
1.016666666666666607e+01,-9.488427832779948723e-01
1.019999999999999929e+01,-2.643359504952855765e-01
1.023333333333333250e+01,7.618503673918128882e-01
1.026666666666666572e+01,8.176123683599605119e-02
1.030000000000000071e+01,-7.212231085084453985e-01
1.033333333333333393e+01,-2.188431721793646090e-02
1.036666666666666714e+01,7.937978867590861354e-01
1.040000000000000036e+01,5.702108988380587551e-01
1.043333333333333357e+01,-1.366596358329302263e-01
1.046666666666666679e+01,6.089284711610438716e-01
1.050000000000000000e+01,7.748356993246515723e-01
1.053333333333333321e+01,-5.773048635300855047e-02
1.056666666666666643e+01,-7.337893217564521731e-01
1.059999999999999964e+01,-1.642111747903643448e-03
1.063333333333333286e+01,7.654379636966992528e-01
1.066666666666666607e+01,-2.815830656523539144e-01
1.069999999999999929e+01,-9.596824733266904328e-01
1.073333333333333250e+01,-3.041111752135666757e-02
1.076666666666666572e+01,7.781851325752151549e-01
1.080000000000000071e+01,-2.334380678381338392e-01
1.083333333333333393e+01,-9.413945860657624287e-01
1.086666666666666714e+01,-3.849341690247130854e-02
1.090000000000000036e+01,7.888457729351103787e-01
1.093333333333333357e+01,-2.075449147898063007e-01
1.096666666666666679e+01,-9.244820695962753243e-01
1.100000000000000000e+01,-2.719668120765980635e-02
1.103333333333333321e+01,7.984176411032928300e-01
1.106666666666666643e+01,-2.034667915322857790e-01
1.109999999999999964e+01,-9.106368239509884388e-01
1.113333333333333286e+01,-7.904124304018818326e-02
1.116666666666666607e+01,7.457900780880608593e-01
1.119999999999999929e+01,-1.825845487119431287e-01
1.123333333333333250e+01,-5.901364074889382527e-01
1.126666666666666572e+01,2.846140636833323079e-01
1.130000000000000071e+01,1.171935501087170373e+00
1.133333333333333393e+01,2.031150866068477112e-01
1.136666666666666714e+01,-5.443407549439276405e-01
1.140000000000000036e+01,3.270285827972391757e-01
1.143333333333333357e+01,1.172201688151377930e+00
1.146666666666666679e+01,1.834334225126674767e-01
1.150000000000000000e+01,-5.382603935372585191e-01
1.153333333333333321e+01,-2.554522508926242996e-01
1.156666666666666643e+01,5.706003057990872707e-01
1.159999999999999964e+01,-4.323771250601112781e-01
1.163333333333333286e+01,-1.152593372539678196e+00
1.166666666666666607e+01,-2.494089349564817815e-01
1.169999999999999929e+01,5.738628693712641837e-01
1.173333333333333250e+01,-4.348189438521413708e-01
1.176666666666666572e+01,-9.656194821298645925e-01
1.180000000000000071e+01,-6.338653433191827891e-02
1.183333333333333393e+01,8.685236830093465699e-01
1.186666666666666714e+01,-1.180500711491881960e-01
1.190000000000000036e+01,-8.548295276911748175e-01
1.193333333333333357e+01,2.277066042928251044e-02
1.196666666666666679e+01,1.035914839517254160e+00
