0.000000000000000000e+00,2.944220978002423994e+00
3.333333333333333287e-02,7.179158819623027155e-01
6.666666666666666574e-02,7.146427168220783610e-01
1.000000000000000056e-01,7.113883640201824621e-01
1.333333333333333315e-01,7.081545664509513172e-01
1.666666666666666574e-01,7.098501269981889461e-01
2.000000000000000111e-01,-3.648130132130009695e-01
2.333333333333333370e-01,-1.068576388722981108e+00
2.666666666666666630e-01,-1.722520620595629159e+00
2.999999999999999889e-01,-2.465225505059357669e+00
3.333333333333333148e-01,-3.125575285313956453e+00
3.666666666666666408e-01,-2.541259236511522079e+00
4.000000000000000222e-01,-2.004798804710690163e+00
4.333333333333333481e-01,-1.020705277380891340e+00
4.666666666666666741e-01,-2.567654055178796857e-01
5.000000000000000000e-01,1.166980317040645920e-01
5.333333333333333259e-01,6.985471881354243795e-01
5.666666666666666519e-01,1.717527074713627311e+00
5.999999999999999778e-01,2.733815908748033596e+00
6.333333333333333037e-01,2.146620407187373125e+00
6.666666666666666297e-01,1.224766735597696998e+00
6.999999999999999556e-01,3.578119302584500394e-01
7.333333333333332815e-01,1.095012660697676887e+00
7.666666666666666075e-01,1.875520281166625169e+00
8.000000000000000444e-01,9.388441453926634761e-01
8.333333333333333703e-01,-7.340683549973775479e-03
8.666666666666666963e-01,9.247655910804181145e-01
9.000000000000000222e-01,1.805253896527167168e+00
9.333333333333333481e-01,9.724173507161959495e-01
9.666666666666666741e-01,-3.442253866944797180e-02
1.000000000000000000e+00,-9.503564630514489409e-01
1.033333333333333215e+00,-1.608158343202522156e+00
1.066666666666666652e+00,-7.754191581179885606e-01
1.100000000000000089e+00,2.180026661672095079e-02
1.133333333333333304e+00,-9.427194727188359380e-01
1.166666666666666741e+00,-1.555860335496699332e+00
1.199999999999999956e+00,-7.265031356604243484e-01
1.233333333333333393e+00,7.432928713974445989e-02
1.266666666666666607e+00,-7.735055972195665763e-01
1.300000000000000044e+00,-1.515382540769540709e+00
1.333333333333333259e+00,-8.022869347680161578e-01
1.366666666666666696e+00,1.149018817826044786e-01
1.399999999999999911e+00,1.080114877627564640e+00
1.433333333333333348e+00,2.597102991730370070e-01
1.466666666666666563e+00,-7.163389178289409909e-01
1.500000000000000000e+00,2.061711168622448187e-01
1.533333333333333215e+00,1.286549562439006866e+00
1.566666666666666652e+00,4.132435090888042506e-01
1.600000000000000089e+00,-5.659135279602671709e-01
1.633333333333333304e+00,3.090844173862792865e-01
1.666666666666666741e+00,1.345549622858379646e+00
1.699999999999999956e+00,6.222949491314750947e-01
1.733333333333333393e+00,-1.921678806951712115e-01
1.766666666666666607e+00,4.115968034144061871e-01
1.800000000000000044e+00,5.041800492301993231e-01
1.833333333333333259e+00,-1.905888405882766312e-01
1.866666666666666696e+00,-1.071012401604231279e+00
1.899999999999999911e+00,-2.731659957129589644e-01
1.933333333333333348e+00,6.962519557004577253e-01
1.966666666666666563e+00,2.660894123011593726e-02
2.000000000000000000e+00,-8.133241242715383290e-01
2.033333333333333215e+00,-2.800514897783189239e-02
2.066666666666666430e+00,9.275230242438513573e-01
2.100000000000000089e+00,2.638964950010719845e-01
2.133333333333333304e+00,-5.234981274876083779e-01
2.166666666666666519e+00,-1.540505324471910020e+00
2.200000000000000178e+00,-6.036098812082588694e-01
2.233333333333333393e+00,2.980960983607873760e-01
2.266666666666666607e+00,9.239684743701020997e-01
2.299999999999999822e+00,-5.845582204711796681e-02
2.333333333333333481e+00,-8.525026483926678722e-01
2.366666666666666696e+00,2.862744544196944851e-02
2.399999999999999911e+00,7.054507464306529751e-01
2.433333333333333126e+00,-2.543255862996452454e-01
2.466666666666666785e+00,-1.114121672861734913e+00
2.500000000000000000e+00,-2.335464492898038369e-01
2.533333333333333215e+00,4.603863806340922071e-01
2.566666666666666430e+00,1.335286542896913176e+00
2.600000000000000089e+00,5.036937633693711058e-01
2.633333333333333304e+00,-2.011109739628564319e-01
2.666666666666666519e+00,-7.614451102811079508e-01
2.700000000000000178e+00,5.465624573526656205e-02
2.733333333333333393e+00,1.032330653767342232e+00
2.766666666666666607e+00,3.332791070159623614e-01
2.799999999999999822e+00,-5.375907875332115449e-01
2.833333333333333481e+00,-6.518892848315299693e-01
2.866666666666666696e+00,3.154879962947041983e-01
2.899999999999999911e+00,1.759254478081571094e-01
2.933333333333333126e+00,-5.920235500175936583e-01
2.966666666666666785e+00,2.399097643360777465e-01
3.000000000000000000e+00,5.975019837756377905e-01
3.033333333333333215e+00,-1.286912009586733685e-01
3.066666666666666430e+00,-8.538826427663815943e-01
3.100000000000000089e+00,4.519250023247489700e-03
3.133333333333333304e+00,8.694519732755413566e-01
3.166666666666666519e+00,-2.299645456477586447e-02
3.200000000000000178e+00,-7.627226878778821106e-01
3.233333333333333393e+00,-6.958942768493645015e-02
3.266666666666666607e+00,7.703965837444903819e-01
3.299999999999999822e+00,-1.359327445398796630e-01
3.333333333333333481e+00,-8.622649839721114873e-01
3.366666666666666696e+00,1.299578246928276559e-01
3.399999999999999911e+00,7.318684435657305531e-01
3.433333333333333126e+00,-1.611707904922058399e-01
3.466666666666666785e+00,-8.760096657977536339e-01
3.500000000000000000e+00,1.033881229126307894e-01
3.533333333333333215e+00,9.146568701142568925e-01
3.566666666666666430e+00,3.431735024008371326e-02
3.600000000000000089e+00,-6.707120383639819661e-01
3.633333333333333304e+00,-1.011789802966918117e+00
3.666666666666666519e+00,-1.195465156712016419e-01
3.699999999999999734e+00,6.094977494761584236e-01
3.733333333333333393e+00,-1.927500205593414007e-01
3.766666666666666607e+00,-8.148461458557210157e-01
3.799999999999999822e+00,3.327168447314876598e-02
3.833333333333333481e+00,7.545040462014991345e-01
3.866666666666666696e+00,7.559976266999167693e-01
3.899999999999999911e+00,-8.728724821257602406e-02
3.933333333333333126e+00,6.205726543350306157e-01
3.966666666666666785e+00,1.073229853084574525e+00
4.000000000000000000e+00,3.273700653151382367e-01
4.033333333333333215e+00,-4.999950885356649333e-01
4.066666666666666430e+00,3.607484016332624943e-01
4.099999999999999645e+00,5.273642335132574521e-01
4.133333333333332860e+00,-3.125690166776239343e-01
4.166666666666666963e+00,-1.132905877394573713e+00
4.200000000000000178e+00,-2.327364776966620030e-01
4.233333333333333393e+00,4.964617848333715555e-01
4.266666666666666607e+00,-2.419990275272417835e-01
4.299999999999999822e+00,-1.088143322689503201e+00
4.333333333333333037e+00,-2.496346701291460302e-01
4.366666666666666252e+00,4.923302086941719335e-01
4.400000000000000355e+00,-1.179307371364739787e-01
4.433333333333333570e+00,-7.795455925171724809e-01
4.466666666666666785e+00,4.464840458719060434e-02
4.500000000000000000e+00,7.967467721604120090e-01
4.533333333333333215e+00,8.677243744074308873e-02
4.566666666666666430e+00,-7.827867859289451280e-01
4.599999999999999645e+00,1.491089325267017929e-01
4.633333333333332860e+00,8.763493350939880466e-01
4.666666666666666963e+00,8.460864497256456174e-01
4.700000000000000178e+00,1.312940225601229305e-02
4.733333333333333393e+00,-7.523887110638943776e-01
4.766666666666666607e+00,-4.369399596733632152e-02
4.799999999999999822e+00,6.569311185046793344e-01
4.833333333333333037e+00,7.296924659469419261e-01
4.866666666666666252e+00,-9.571091064445873264e-02
4.900000000000000355e+00,-7.537131935694512119e-01
4.933333333333333570e+00,-4.550371061187312438e-02
4.966666666666666785e+00,9.423641788092862459e-01
5.000000000000000000e+00,1.032468084991657042e-01
5.033333333333333215e+00,-5.972425885914829369e-01
5.066666666666666430e+00,1.033895675989850438e-01
5.099999999999999645e+00,9.432942951074143600e-01
5.133333333333332860e+00,-4.128860413293107545e-02
5.166666666666666963e+00,-7.596834238029898101e-01
5.200000000000000178e+00,-1.388978006625544381e+00
5.233333333333333393e+00,-5.584349483881745346e-01
5.266666666666666607e+00,2.786095560379662772e-01
5.299999999999999822e+00,-6.823387667839826698e-02
5.333333333333333037e+00,-7.922342901696491912e-01
5.366666666666666252e+00,5.085593992406947650e-02
5.400000000000000355e+00,9.020707985885917379e-01
5.433333333333333570e+00,7.641820163078098804e-02
5.466666666666666785e+00,-6.535802726445252286e-01
5.500000000000000000e+00,3.234078689408381169e-01
5.533333333333333215e+00,1.162892785128165851e+00
5.566666666666666430e+00,2.693856307800348571e-01
5.599999999999999645e+00,-4.932421048913610551e-01
5.633333333333332860e+00,-2.940977113542483368e-01
5.666666666666666963e+00,5.407799743413392868e-01
5.700000000000000178e+00,-3.340045054648206890e-01
5.733333333333333393e+00,-1.048524106955786239e+00
5.766666666666666607e+00,-8.920509327794617915e-02
5.799999999999999822e+00,7.181267908956713297e-01
5.833333333333333037e+00,-1.187059827562917391e-01
5.866666666666666252e+00,-7.296156857222357850e-01
5.900000000000000355e+00,2.199680816180278886e-01
5.933333333333333570e+00,1.059678301863334005e+00
5.966666666666666785e+00,1.870608956677775880e-01
6.000000000000000000e+00,-5.295544502274052157e-01
6.033333333333333215e+00,4.554826560398653190e-01
6.066666666666666430e+00,1.297874231240076393e+00
6.099999999999999645e+00,3.804895143416406333e-01
6.133333333333332860e+00,-4.027158862568267494e-01
6.166666666666666963e+00,-1.024252712895560080e+00
6.200000000000000178e+00,-1.506013636708315451e-01
6.233333333333333393e+00,5.489393799814703545e-01
6.266666666666666607e+00,-2.158814482438624893e-01
6.299999999999999822e+00,-1.034945755782724852e+00
6.333333333333333037e+00,-1.726841545217008833e-01
6.366666666666666252e+00,5.429761503071416362e-01
6.400000000000000355e+00,4.356299814666458187e-02
6.433333333333333570e+00,-7.935057614402745152e-01
6.466666666666666785e+00,5.137285212366465847e-02
6.500000000000000000e+00,7.836742701938232969e-01
6.533333333333333215e+00,5.147489708722288726e-02
6.566666666666666430e+00,-8.031109646104874766e-01
6.599999999999999645e+00,2.238213799738851539e-02
6.633333333333332860e+00,7.722744094972892048e-01
6.666666666666666963e+00,5.616516130680879737e-01
6.700000000000000178e+00,-3.135978362937270614e-01
6.733333333333333393e+00,5.408820274737587974e-01
6.766666666666666607e+00,1.139709030344447704e+00
6.799999999999999822e+00,4.246373166056036097e-01
6.833333333333333037e+00,-4.300801829882963112e-01
6.866666666666666252e+00,-1.419202351518524807e+00
6.899999999999999467e+00,-6.940754104384683210e-01
6.933333333333333570e+00,1.761307569370447468e-01
6.966666666666666785e+00,1.143388054476111249e+00
7.000000000000000000e+00,1.800929596994538251e-01
7.033333333333333215e+00,-7.326393758927893796e-01
7.066666666666666430e+00,-6.433713747430125363e-01
7.099999999999999645e+00,3.613123334790215857e-01
7.133333333333332860e+00,8.340156447837554499e-02
7.166666666666666963e+00,-8.238270903908055942e-01
7.200000000000000178e+00,5.637822426296990042e-02
7.233333333333333393e+00,1.052171940109301707e+00
7.266666666666666607e+00,6.614686563606220204e-02
7.299999999999999822e+00,-8.331272407175749350e-01
7.333333333333333037e+00,-5.202731925218251341e-03
7.366666666666666252e+00,9.683424503102006087e-01
7.399999999999999467e+00,-2.928516326414080939e-02
7.433333333333333570e+00,-9.229292907346779984e-01
7.466666666666666785e+00,-1.105461699405736742e-01
7.500000000000000000e+00,8.747491716791965244e-01
7.533333333333333215e+00,-1.325808786184898280e-01
7.566666666666666430e+00,-1.023208786481513366e+00
7.599999999999999645e+00,-1.084500015761335201e-01
7.633333333333332860e+00,8.741803308537189343e-01
7.666666666666666963e+00,-1.413685634113445166e-01
7.700000000000000178e+00,-1.030796213896336466e+00
7.733333333333333393e+00,-1.083120386879165009e-01
7.766666666666666607e+00,8.726228296186629985e-01
7.799999999999999822e+00,-1.500275786218952523e-01
7.833333333333333037e+00,-1.039613214466707625e+00
7.866666666666666252e+00,-1.107369649556072255e-01
7.899999999999999467e+00,8.693280636996358890e-01
7.933333333333333570e+00,2.793503073595256514e-01
7.966666666666666785e+00,-6.181904605059342916e-01
8.000000000000000000e+00,3.081214754370076303e-01
8.033333333333333215e+00,1.301318021539521474e+00
8.066666666666666430e+00,2.815284731036885590e-01
8.099999999999999645e+00,-6.348572333931346012e-01
8.133333333333332860e+00,2.791694495219969596e-01
8.166666666666666075e+00,1.291017984000041308e+00
8.199999999999999289e+00,2.846565896687439645e-01
8.233333333333332504e+00,-6.506619944934006750e-01
8.266666666666665719e+00,1.073968863900090359e-01
8.300000000000000711e+00,8.902227239896127742e-01
8.333333333333333925e+00,-9.925358398082430311e-02
8.366666666666667140e+00,-1.055012387835817744e+00
8.400000000000000355e+00,-1.728644561889980946e-01
8.433333333333333570e+00,7.836793337998733122e-01
8.466666666666666785e+00,-1.882914099669195929e-01
8.500000000000000000e+00,-1.114408855304636070e+00
8.533333333333333215e+00,-7.613799813303123720e-01
8.566666666666666430e+00,2.309282798903532496e-01
8.599999999999999645e+00,-6.819308015482966612e-01
8.633333333333332860e+00,-6.279354929135309016e-01
8.666666666666666075e+00,1.902069946747355356e-01
8.699999999999999289e+00,8.339806821895886513e-01
8.733333333333332504e+00,-5.334559998092712474e-02
8.766666666666665719e+00,-9.451222088559526613e-01
8.800000000000000711e+00,-2.152862543777761539e-01
8.833333333333333925e+00,7.593628463833436149e-01
8.866666666666667140e+00,4.413412271428042433e-02
8.900000000000000355e+00,-3.788734061653374341e-01
8.933333333333333570e+00,3.644388072076844010e-01
8.966666666666666785e+00,1.336685931761288693e+00
9.000000000000000000e+00,4.813055355466233087e-01
9.033333333333333215e+00,-4.089263463515498964e-01
9.066666666666666430e+00,3.189197949193748882e-01
9.099999999999999645e+00,9.109229732415820013e-01
9.133333333333332860e+00,6.386546872691344079e-02
9.166666666666666075e+00,-8.250096838651914677e-01
9.199999999999999289e+00,-7.143281432669022768e-02
9.233333333333332504e+00,9.094452793394760537e-01
9.266666666666665719e+00,6.446708800892826663e-02
9.300000000000000711e+00,-8.280824263097681381e-01
9.333333333333333925e+00,-1.149483379528155824e+00
9.366666666666667140e+00,-1.567901747217824715e-01
9.400000000000000355e+00,8.318321354318829464e-01
9.433333333333333570e+00,-5.103650526555077171e-02
9.466666666666666785e+00,-9.579110400241711565e-01
9.500000000000000000e+00,4.246573235870196306e-02
9.533333333333333215e+00,5.714347371177067592e-01
9.566666666666666430e+00,-3.382078218634180233e-01
9.599999999999999645e+00,-1.218186213465554779e+00
9.633333333333332860e+00,-2.031111815955397304e-01
9.666666666666666075e+00,8.118680746358266642e-01
9.699999999999999289e+00,-1.264079480254697851e-01
9.733333333333332504e+00,-1.006395034491963658e+00
9.766666666666665719e+00,2.747822884412554068e-02
9.800000000000000711e+00,1.057611593247907322e+00
9.833333333333333925e+00,6.280113266045255216e-01
9.866666666666667140e+00,-3.211265522713494525e-01
9.900000000000000355e+00,7.049975738918350388e-01
9.933333333333333570e+00,1.275452471585359904e+00
9.966666666666666785e+00,3.499355148897714818e-01
1.000000000000000000e+01,-5.691455178203219667e-01
1.003333333333333321e+01,-3.101538615627670858e-01
1.006666666666666643e+01,6.724810016432634097e-01
1.009999999999999964e+01,-8.202128921239940085e-02
1.013333333333333286e+01,-9.808137432272935330e-01
1.016666666666666607e+01,-1.785853245453056237e-01
1.019999999999999929e+01,8.116667345394326105e-01
1.023333333333333250e+01,1.315421378819894016e-01
1.026666666666666572e+01,-7.404644847152720422e-01
1.030000000000000071e+01,-9.821020674840169606e-01
1.033333333333333393e+01,4.470089848636560337e-03
1.036666666666666714e+01,9.409762938706497382e-01
1.040000000000000036e+01,1.155246631252659223e-01
1.043333333333333357e+01,-8.953710580755926962e-01
1.046666666666666679e+01,-3.003648663969281651e-01
1.050000000000000000e+01,5.220034494147682835e-01
1.053333333333333321e+01,-4.147293757369412970e-01
1.056666666666666643e+01,-1.390649654949001057e+00
1.059999999999999964e+01,-3.572225140961792222e-01
1.063333333333333286e+01,5.306441320740575840e-01
1.066666666666666607e+01,1.214527292167176364e+00
1.069999999999999929e+01,2.263082508254704861e-01
1.073333333333333250e+01,-5.746403583339728671e-01
1.076666666666666572e+01,3.273990075530362476e-01
1.080000000000000071e+01,1.025561049039979133e+00
1.083333333333333393e+01,2.693367434176177633e-02
1.086666666666666714e+01,-7.870944196709563911e-01
1.090000000000000036e+01,1.250766241671583401e-01
1.093333333333333357e+01,8.378463263928285221e-01
1.096666666666666679e+01,-1.685740912962360172e-01
1.100000000000000000e+01,-9.955024536615851849e-01
1.103333333333333321e+01,-7.590834257826643838e-02
1.106666666666666643e+01,6.510355522994474287e-01
1.109999999999999964e+01,-3.520983829509418683e-01
1.113333333333333286e+01,-4.812037634398509400e-01
1.116666666666666607e+01,4.440066532580946301e-01
1.119999999999999929e+01,1.192421902632797126e+00
1.123333333333333250e+01,2.063170023922903384e-01
1.126666666666666572e+01,-6.462630240245683666e-01
1.130000000000000071e+01,-4.682849139647717041e-02
1.133333333333333393e+01,6.882554102439755184e-01
1.136666666666666714e+01,-3.002201862653058884e-01
1.140000000000000036e+01,-1.126799520915641839e+00
1.143333333333333357e+01,-2.480276197277103134e-01
1.146666666666666679e+01,4.617481640615213045e-01
1.150000000000000000e+01,-4.887391917761320648e-01
1.153333333333333321e+01,-7.428340103797268501e-01
1.156666666666666643e+01,1.152692112560788351e-01
1.159999999999999964e+01,8.266579609897077852e-01
1.163333333333333286e+01,-1.395457016801374128e-01
1.166666666666666607e+01,-9.735159305505349803e-01
1.169999999999999929e+01,-8.156559948249944569e-02
1.173333333333333250e+01,6.640141001672521526e-01
1.176666666666666572e+01,6.877902230058091648e-01
1.180000000000000071e+01,-1.786202890451637493e-01
1.183333333333333393e+01,-3.669973776338798510e-01
1.186666666666666714e+01,3.969846259359646190e-01
1.190000000000000036e+01,1.226490390022498822e+00
1.193333333333333357e+01,3.549980776978235442e-01
1.196666666666666679e+01,-3.528143318291844799e-01
