0.000000000000000000e+00,1.378942754682813826e-02
3.333333333333333287e-02,1.112561338498556651e-01
6.666666666666666574e-02,1.109881801842547838e-01
1.000000000000000056e-01,1.107781875198886601e-01
1.333333333333333315e-01,1.106249503559758179e-01
1.666666666666666574e-01,5.907050969505226595e-02
2.000000000000000111e-01,-6.214995624862896806e-01
2.333333333333333370e-01,-4.487682449644078697e-01
2.666666666666666630e-01,-4.041162747930929777e-01
2.999999999999999889e-01,-1.020386869895873128e+00
3.333333333333333148e-01,-6.337493446219349957e-01
3.666666666666666408e-01,1.408180387679827117e-01
4.000000000000000222e-01,7.610902982211851242e-01
4.333333333333333481e-01,1.776260544005519026e-01
4.666666666666666741e-01,8.354478021996676607e-02
5.000000000000000000e-01,6.765460842646203732e-01
5.333333333333333259e-01,8.971619142485361964e-01
5.666666666666666519e-01,3.637079045232032293e-01
5.999999999999999778e-01,-1.844321375103545324e-01
6.333333333333333037e-01,-1.263276357736248912e+00
6.666666666666666297e-01,-7.708073824243217853e-01
6.999999999999999556e-01,-4.289692614297514750e-02
7.333333333333332815e-01,8.036146341934543580e-01
7.666666666666666075e-01,8.154133670930208133e-01
8.000000000000000444e-01,7.862197244323006207e-02
8.333333333333333703e-01,-6.350807024194672357e-01
8.666666666666666963e-01,-8.485537608452814462e-02
9.000000000000000222e-01,6.389447626974259498e-01
9.333333333333333481e-01,5.563296680233551506e-01
9.666666666666666741e-01,-1.581351033702318998e-01
1.000000000000000000e+00,-6.067217372638540329e-01
1.033333333333333215e+00,4.707582494140013507e-01
1.066666666666666652e+00,8.771035293712298175e-01
1.100000000000000089e+00,-1.542263101926168445e-01
1.133333333333333304e+00,-8.481014023665174317e-01
1.166666666666666741e+00,-9.179495732155554255e-03
1.199999999999999956e+00,7.401909783002134091e-01
1.233333333333333393e+00,-1.159975692261889374e-01
1.266666666666666607e+00,-6.537207772063129418e-01
1.300000000000000044e+00,1.841955805880491348e-01
1.333333333333333259e+00,9.540567371315964440e-01
1.366666666666666696e+00,1.448075843488767500e-01
1.399999999999999911e+00,-5.991321333067506361e-01
1.433333333333333348e+00,1.911839036812165160e-01
1.466666666666666563e+00,8.143948573202781649e-01
1.500000000000000000e+00,6.053651612202756715e-02
1.533333333333333215e+00,-5.702467360227442272e-01
1.566666666666666652e+00,4.050528956332095920e-02
1.600000000000000089e+00,7.273007839573151223e-01
1.633333333333333304e+00,-3.990151869465741186e-02
1.666666666666666741e+00,-7.931027108739658882e-01
1.699999999999999956e+00,3.360486688885999662e-03
1.733333333333333393e+00,7.987170430385713837e-01
1.766666666666666607e+00,2.596781309239271085e-02
1.800000000000000044e+00,-8.001094385236452444e-01
1.833333333333333259e+00,-2.967356344007585078e-02
1.866666666666666696e+00,8.376379041594146369e-01
1.899999999999999911e+00,3.768521090616715197e-02
1.933333333333333348e+00,-8.276072848414375294e-01
1.966666666666666563e+00,-1.006893435739135423e-02
2.000000000000000000e+00,8.544912157587489787e-01
2.033333333333333215e+00,2.078792372288298940e-02
2.066666666666666430e+00,-8.574058984073495981e-01
2.100000000000000089e+00,-3.832848478976501327e-02
2.133333333333333304e+00,7.979614068232342428e-01
2.166666666666666519e+00,2.556779193140271134e-02
2.200000000000000178e+00,-8.033449079153039962e-01
2.233333333333333393e+00,3.692099379812369131e-02
2.266666666666666607e+00,8.389141198618046413e-01
2.299999999999999822e+00,-7.759408648519164342e-03
2.333333333333333481e+00,-8.310248272078679665e-01
2.366666666666666696e+00,1.972974657717338487e-02
2.399999999999999911e+00,8.405274639130475567e-01
2.433333333333333126e+00,-3.214215845802131932e-02
2.466666666666666785e+00,-8.874775849128633265e-01
2.500000000000000000e+00,-1.679717375044943728e-02
2.533333333333333215e+00,7.615689435881513036e-01
2.566666666666666430e+00,-6.517919366523164393e-02
2.600000000000000089e+00,-8.603395539983804685e-01
2.633333333333333304e+00,-4.778521467304787385e-02
2.666666666666666519e+00,7.870503509992390345e-01
2.700000000000000178e+00,-3.446818541367836775e-02
2.733333333333333393e+00,-8.706195955103502859e-01
2.766666666666666607e+00,-5.307312687688052477e-02
2.799999999999999822e+00,8.050699415010211801e-01
2.833333333333333481e+00,2.535796398285489195e-02
2.866666666666666696e+00,-8.294508858459858081e-01
2.899999999999999911e+00,-7.874058357520211104e-03
2.933333333333333126e+00,8.085356022652987473e-01
2.966666666666666785e+00,-1.016551037793550494e-03
3.000000000000000000e+00,-7.941593363687529106e-01
3.033333333333333215e+00,6.932106604749105339e-04
3.066666666666666430e+00,7.903415831156977989e-01
3.100000000000000089e+00,5.788244492589800227e-03
3.133333333333333304e+00,-7.653974212161565038e-01
3.166666666666666519e+00,1.388586046606865576e-02
3.200000000000000178e+00,7.992188709953855774e-01
3.233333333333333393e+00,-1.433218187352397477e-03
3.266666666666666607e+00,-7.984154879149022443e-01
3.299999999999999822e+00,6.001754498542427596e-03
3.333333333333333481e+00,8.098700905651342596e-01
3.366666666666666696e+00,-4.682266808285706627e-03
3.399999999999999911e+00,-8.156095820611370950e-01
3.433333333333333126e+00,-1.421084137889147558e-03
3.466666666666666785e+00,8.192502405265178478e-01
3.500000000000000000e+00,-4.669175676526346463e-03
3.533333333333333215e+00,-8.375559284200919663e-01
3.566666666666666430e+00,-1.222935370805408595e-02
3.600000000000000089e+00,8.139526108869188370e-01
3.633333333333333304e+00,3.413378150557408452e-02
3.666666666666666519e+00,-8.084900351513581995e-01
3.699999999999999734e+00,-3.859198576384278989e-02
3.733333333333333393e+00,7.655304533535174372e-01
3.766666666666666607e+00,-1.020834124949551724e-02
3.799999999999999822e+00,-8.532856227379863601e-01
3.833333333333333481e+00,-8.564645364347008016e-02
3.866666666666666696e+00,7.728134939782265178e-01
3.899999999999999911e+00,1.026745252067359782e-02
3.933333333333333126e+00,-8.073922155620391061e-01
3.966666666666666785e+00,2.343671395973076499e-02
4.000000000000000000e+00,7.997117893991835258e-01
4.033333333333333215e+00,-6.015890645402392767e-02
4.066666666666666430e+00,-8.036610050114769699e-01
4.099999999999999645e+00,6.911976901662793271e-02
4.133333333333332860e+00,8.336157934279614379e-01
4.166666666666666963e+00,-3.788568805451852928e-02
4.200000000000000178e+00,-8.315792869098249662e-01
4.233333333333333393e+00,3.414323140425196135e-03
4.266666666666666607e+00,8.019160649977987720e-01
4.299999999999999822e+00,-8.595947592033928442e-03
4.333333333333333037e+00,-8.301877416147812605e-01
4.366666666666666252e+00,-4.306753407759879304e-02
4.400000000000000355e+00,8.019704036447330431e-01
4.433333333333333570e+00,8.817564444745976115e-02
4.466666666666666785e+00,-7.683363493785495546e-01
4.500000000000000000e+00,-8.081710609896083919e-03
4.533333333333333215e+00,8.532985455042197964e-01
4.566666666666666430e+00,9.954171343729131816e-02
4.599999999999999645e+00,-7.310229228936142576e-01
4.633333333333332860e+00,5.111336316462590512e-02
4.666666666666666963e+00,8.646337776121859608e-01
4.700000000000000178e+00,3.893485022506719406e-02
4.733333333333333393e+00,-7.861644925883797264e-01
4.766666666666666607e+00,4.407460502054962037e-02
4.799999999999999822e+00,8.706402274168767441e-01
4.833333333333333037e+00,5.799204587549020018e-02
4.866666666666666252e+00,-7.827399777659941327e-01
4.900000000000000355e+00,5.883088629827021299e-02
4.933333333333333570e+00,8.940043005584004110e-01
4.966666666666666785e+00,5.385767135978176967e-02
5.000000000000000000e+00,-7.632780025701627613e-01
5.033333333333333215e+00,1.605710784801989144e-02
5.066666666666666430e+00,8.739998531319408404e-01
5.099999999999999645e+00,1.298459083291592375e-01
5.133333333333332860e+00,-6.735734488972243694e-01
5.166666666666666963e+00,-1.453810205336659722e-01
5.200000000000000178e+00,6.316724713885253362e-01
5.233333333333333393e+00,-1.683727581083767633e-01
5.266666666666666607e+00,-9.827072010830243398e-01
5.299999999999999822e+00,-1.406808004061806949e-01
5.333333333333333037e+00,6.949625139875812430e-01
5.366666666666666252e+00,-7.242893309666738333e-02
5.400000000000000355e+00,-8.573735623973796072e-01
5.433333333333333570e+00,-6.530990203475921241e-02
5.466666666666666785e+00,7.719859273871987337e-01
5.500000000000000000e+00,3.483900028037709151e-03
5.533333333333333215e+00,-8.180240514473121616e-01
5.566666666666666430e+00,-1.298000153665961054e-02
5.599999999999999645e+00,7.833633212194965889e-01
5.633333333333332860e+00,2.563267404254802873e-02
5.666666666666666963e+00,-7.872199528866724583e-01
5.700000000000000178e+00,3.752477635233426867e-02
5.733333333333333393e+00,8.724677551374403484e-01
5.766666666666666607e+00,3.973987264781919659e-02
5.799999999999999822e+00,-8.241087209063677754e-01
5.833333333333333037e+00,-1.710258076750431622e-04
5.866666666666666252e+00,8.652006366275586391e-01
5.900000000000000355e+00,2.780484072182069777e-02
5.933333333333333570e+00,-8.348907721568665785e-01
5.966666666666666785e+00,-9.230293344096876518e-03
6.000000000000000000e+00,8.173857292969937127e-01
6.033333333333333215e+00,-2.573858869211242961e-03
6.066666666666666430e+00,-7.911027640591650201e-01
6.099999999999999645e+00,2.169417550174991549e-02
6.133333333333332860e+00,7.647343280372866925e-01
6.166666666666666963e+00,-9.548631148286079728e-02
6.200000000000000178e+00,-8.206793493486844726e-01
6.233333333333333393e+00,3.643951613662529954e-02
6.266666666666666607e+00,8.100295572789344423e-01
6.299999999999999822e+00,-2.888963443824973942e-02
6.333333333333333037e+00,-8.209606605571373450e-01
6.366666666666666252e+00,-7.273225061155561000e-03
6.400000000000000355e+00,8.168215819079819306e-01
6.433333333333333570e+00,1.454556854782337871e-02
6.466666666666666785e+00,-8.084352524478009006e-01
6.500000000000000000e+00,-1.726423106979985134e-02
6.533333333333333215e+00,8.156370854866870079e-01
6.566666666666666430e+00,3.107176824053839437e-02
6.599999999999999645e+00,-8.096008768897413610e-01
6.633333333333332860e+00,-3.435399139330988505e-02
6.666666666666666963e+00,8.022657089968820987e-01
6.700000000000000178e+00,2.458207163376122106e-02
6.733333333333333393e+00,-8.241162975716571637e-01
6.766666666666666607e+00,-4.341738283868551429e-04
6.799999999999999822e+00,7.829246084611891643e-01
6.833333333333333037e+00,-6.574582814328984448e-02
6.866666666666666252e+00,-8.396038367373847011e-01
6.899999999999999467e+00,7.819019451063377590e-03
6.933333333333333570e+00,8.388579748002547021e-01
6.966666666666666785e+00,3.991467596750693236e-02
7.000000000000000000e+00,-7.908847125541893508e-01
7.033333333333333215e+00,1.418382481101805592e-02
7.066666666666666430e+00,8.245676619941800789e-01
7.099999999999999645e+00,2.606052347146188553e-02
7.133333333333332860e+00,-7.806643238283171859e-01
7.166666666666666963e+00,7.404606166463670314e-03
7.200000000000000178e+00,8.379609686663898049e-01
7.233333333333333393e+00,3.931126314495686502e-02
7.266666666666666607e+00,-7.808653919415059486e-01
7.299999999999999822e+00,2.711890758713804417e-02
7.333333333333333037e+00,8.398899443436661505e-01
7.366666666666666252e+00,2.386206575223667747e-02
7.399999999999999467e+00,-7.810298659323485770e-01
7.433333333333333570e+00,3.871892473151331004e-02
7.466666666666666785e+00,8.445473415224385993e-01
7.500000000000000000e+00,2.125986677101759925e-02
7.533333333333333215e+00,-7.802369208032468029e-01
7.566666666666666430e+00,3.813495409197868724e-02
7.599999999999999645e+00,8.441939380250170766e-01
7.633333333333332860e+00,2.442665821985730290e-02
7.666666666666666963e+00,-7.805372567480337587e-01
7.700000000000000178e+00,3.158471667543159833e-02
7.733333333333333393e+00,8.438500643166700899e-01
7.766666666666666607e+00,2.971549723707903046e-02
7.799999999999999822e+00,-7.803930674422644431e-01
7.833333333333333037e+00,2.380426516934409931e-02
7.866666666666666252e+00,8.436326002074565622e-01
7.899999999999999467e+00,3.726019161556141934e-02
7.933333333333333570e+00,-7.783496212464889874e-01
7.966666666666666785e+00,2.376148759069167393e-02
8.000000000000000000e+00,8.414194402890614599e-01
8.033333333333333215e+00,2.856390500607870753e-02
8.066666666666666430e+00,-7.804893092069304927e-01
8.099999999999999645e+00,3.852159031587877591e-02
8.133333333333332860e+00,8.406960866202339844e-01
8.166666666666666075e+00,1.928920017122431885e-02
8.199999999999999289e+00,-7.808746902497885056e-01
8.233333333333332504e+00,4.419731748513301695e-02
8.266666666666665719e+00,8.332504947261589745e-01
8.300000000000000711e+00,1.017926606885158347e-02
8.333333333333333925e+00,-7.961909833968794370e-01
8.366666666666667140e+00,-1.235701823653345133e-01
8.400000000000000355e+00,6.925001349353961944e-01
8.433333333333333570e+00,-9.058467363043502807e-02
8.466666666666666785e+00,-9.159117478639177135e-01
8.500000000000000000e+00,-1.006082810578872305e-01
8.533333333333333215e+00,7.110571420700781964e-01
8.566666666666666430e+00,-1.105086995583277193e-01
8.599999999999999645e+00,-9.210453802133854451e-01
8.633333333333332860e+00,-1.251464101030272391e-01
8.666666666666666075e+00,6.664047866465523384e-01
8.699999999999999289e+00,5.075314446020690040e-04
8.733333333333332504e+00,-7.946385624143235127e-01
8.766666666666665719e+00,-1.039445777085609701e-02
8.800000000000000711e+00,7.572604919770953291e-01
8.833333333333333925e+00,-2.971370614843668601e-02
8.866666666666667140e+00,-7.789644877002450674e-01
8.900000000000000355e+00,2.873415149485786246e-02
8.933333333333333570e+00,7.914352314685794143e-01
8.966666666666666785e+00,-1.819281743510579863e-02
9.000000000000000000e+00,-8.136067142262671803e-01
9.033333333333333215e+00,1.586688665653276931e-02
9.066666666666666430e+00,8.482287518483591082e-01
9.099999999999999645e+00,1.895559552830725081e-02
9.133333333333332860e+00,-8.190679963757913074e-01
9.166666666666666075e+00,3.623250714776166115e-02
9.199999999999999289e+00,8.649555401744473127e-01
9.233333333333332504e+00,1.559971127201213725e-02
9.266666666666665719e+00,-8.226623278142792817e-01
9.300000000000000711e+00,3.376996432182971519e-02
9.333333333333333925e+00,8.737929245629003638e-01
9.366666666666667140e+00,4.885140546569614883e-02
9.400000000000000355e+00,-7.684559667930208615e-01
9.433333333333333570e+00,4.021321671398281339e-02
9.466666666666666785e+00,8.495358559912776775e-01
9.500000000000000000e+00,4.088588809486295994e-02
9.533333333333333215e+00,-7.514636360731862252e-01
9.566666666666666430e+00,4.617012145516939670e-02
9.599999999999999645e+00,8.294765093552698421e-01
9.633333333333332860e+00,5.311627263614999983e-02
9.666666666666666075e+00,-7.075133502022056264e-01
9.699999999999999289e+00,4.164137630087623443e-02
9.733333333333332504e+00,7.855858226709417913e-01
9.766666666666665719e+00,4.518344410406020806e-02
9.800000000000000711e+00,-6.930654125213906447e-01
9.833333333333333925e+00,1.912618366044986640e-02
9.866666666666667140e+00,7.597498836042598791e-01
9.900000000000000355e+00,-2.554664082243361667e-02
9.933333333333333570e+00,-8.263214571753664250e-01
9.966666666666666785e+00,5.020659988405701268e-03
1.000000000000000000e+01,8.520692495422135249e-01
1.003333333333333321e+01,1.349019510320804971e-02
1.006666666666666643e+01,-8.560867912345051511e-01
1.009999999999999964e+01,-5.199215553784709842e-02
1.013333333333333286e+01,8.020822857981093623e-01
1.016666666666666607e+01,3.314243541244224489e-03
1.019999999999999929e+01,-8.465994260478137967e-01
1.023333333333333250e+01,-4.007054370038677649e-02
1.026666666666666572e+01,8.142971456133174524e-01
1.030000000000000071e+01,3.267734099431950090e-02
1.033333333333333393e+01,-8.078750640981668951e-01
1.036666666666666714e+01,-2.182568545011190353e-02
1.040000000000000036e+01,7.957549099870553366e-01
1.043333333333333357e+01,-4.362146218515966511e-03
1.046666666666666679e+01,-8.022412194638955940e-01
1.050000000000000000e+01,1.683934538337041042e-02
1.053333333333333321e+01,7.862688729197929716e-01
1.056666666666666643e+01,-7.785209923311624258e-02
1.059999999999999964e+01,-8.269556657075010087e-01
1.063333333333333286e+01,5.722828705409770123e-02
1.066666666666666607e+01,8.359930119405055704e-01
1.069999999999999929e+01,-2.332555539500201502e-02
1.073333333333333250e+01,-8.305824629431610706e-01
1.076666666666666572e+01,1.183626606806820192e-03
1.080000000000000071e+01,8.117193924280621253e-01
1.083333333333333393e+01,-7.464339214832818592e-03
1.086666666666666714e+01,-8.281013479263401589e-01
1.090000000000000036e+01,-2.691224457618128507e-02
1.093333333333333357e+01,7.886512254243180919e-01
1.096666666666666679e+01,-1.087845833795789141e-02
1.100000000000000000e+01,-8.219618152021053170e-01
1.103333333333333321e+01,-2.803501431488671092e-02
1.106666666666666643e+01,7.671765831836458993e-01
1.109999999999999964e+01,-3.325136509522870487e-02
1.113333333333333286e+01,-8.260117761438197093e-01
1.116666666666666607e+01,-3.662672460401554531e-02
1.119999999999999929e+01,7.545353516744039979e-01
1.123333333333333250e+01,-3.199732877736666259e-02
1.126666666666666572e+01,-8.467806769629837582e-01
1.130000000000000071e+01,-6.732929012537837432e-02
1.133333333333333393e+01,7.677470937980623855e-01
1.136666666666666714e+01,-2.695857993987969825e-02
1.140000000000000036e+01,-8.660076030315738693e-01
1.143333333333333357e+01,-4.821301929633675654e-02
1.146666666666666679e+01,7.829065769510161754e-01
1.150000000000000000e+01,-7.659801415956339621e-02
1.153333333333333321e+01,-8.688695943476156813e-01
1.156666666666666643e+01,-4.230304227172507203e-03
1.159999999999999964e+01,8.042679497844761327e-01
1.163333333333333286e+01,-3.097362841054621119e-03
1.166666666666666607e+01,-8.022256400541423194e-01
1.169999999999999929e+01,2.753429147839360491e-02
1.173333333333333250e+01,7.945794166768226363e-01
1.176666666666666572e+01,-2.033747064492069656e-02
1.180000000000000071e+01,-7.962087513867135424e-01
1.183333333333333393e+01,3.888006769203167234e-02
1.186666666666666714e+01,8.205929248542364052e-01
1.190000000000000036e+01,-1.612771916247428272e-02
1.193333333333333357e+01,-8.174858939405655889e-01
1.196666666666666679e+01,-2.096068123658560711e-02
