0.000000000000000000e+00,-4.295573453907760458e-04
3.333333333333333287e-02,-3.869767920262356963e-04
6.666666666666666574e-02,2.302075190465989549e-04
1.000000000000000056e-01,1.915526731713808762e-03
1.333333333333333315e-01,5.464931014967125758e-03
1.666666666666666574e-01,1.166077728697836359e-02
2.000000000000000111e-01,2.054782296229347438e-02
2.333333333333333370e-01,3.130732967745047945e-02
2.666666666666666630e-01,4.315017392560015208e-02
2.999999999999999889e-01,5.554528652439325725e-02
3.333333333333333148e-01,6.796801964413350106e-02
3.666666666666666408e-01,7.975440884974741018e-02
4.000000000000000222e-01,9.009967752364912708e-02
4.333333333333333481e-01,9.824994808683723546e-02
4.666666666666666741e-01,1.036545262276987178e-01
5.000000000000000000e-01,1.059270068231647072e-01
5.333333333333333259e-01,1.048386232929454098e-01
5.666666666666666519e-01,1.002941893801773260e-01
5.999999999999999778e-01,9.234570485059499789e-02
6.333333333333333037e-01,8.125733831084484826e-02
6.666666666666666297e-01,6.757223788145752530e-02
6.999999999999999556e-01,5.214954950394565941e-02
7.333333333333332815e-01,3.593770601960603189e-02
7.666666666666666075e-01,1.966368683416263100e-02
8.000000000000000444e-01,3.993125975877901204e-03
8.333333333333333703e-01,-1.039830734572620187e-02
8.666666666666666963e-01,-2.306360734071146931e-02
9.000000000000000222e-01,-3.379585346656299727e-02
9.333333333333333481e-01,-4.238530215519022148e-02
9.666666666666666741e-01,-4.857802943949587199e-02
1.000000000000000000e+00,-5.234549181309686855e-02
1.033333333333333215e+00,-5.391207498409960469e-02
1.066666666666666652e+00,-5.352426399298478715e-02
1.100000000000000089e+00,-5.119221179989091874e-02
1.133333333333333304e+00,-4.688886570182412145e-02
1.166666666666666741e+00,-4.082774983475575409e-02
1.199999999999999956e+00,-3.350264281768436381e-02
1.233333333333333393e+00,-2.545040696032521005e-02
1.266666666666666607e+00,-1.695454405328933323e-02
1.300000000000000044e+00,-8.271646129290446958e-03
1.333333333333333259e+00,7.202301944810073422e-05
1.366666666666666696e+00,7.522213605386613919e-03
1.399999999999999911e+00,1.381629119775920796e-02
1.433333333333333348e+00,1.890375201445679623e-02
1.466666666666666563e+00,2.266684020083016213e-02
1.500000000000000000e+00,2.496219385318843367e-02
1.533333333333333215e+00,2.589847676965892700e-02
1.566666666666666652e+00,2.564355098187751092e-02
1.600000000000000089e+00,2.423102035646675437e-02
1.633333333333333304e+00,2.178476622423736533e-02
1.666666666666666741e+00,1.870212463406549161e-02
1.699999999999999956e+00,1.543401813746916526e-02
1.733333333333333393e+00,1.216321151156159706e-02
1.766666666666666607e+00,8.888830701305056037e-03
1.800000000000000044e+00,5.720040209521024682e-03
1.833333333333333259e+00,2.839670519445227585e-03
1.866666666666666696e+00,2.182697241976617932e-04
1.899999999999999911e+00,-2.222194685481075800e-03
1.933333333333333348e+00,-4.304300319219570535e-03
1.966666666666666563e+00,-5.796065585017591212e-03
2.000000000000000000e+00,-6.722433899717999636e-03
2.033333333333333215e+00,-7.189878654124249799e-03
2.066666666666666430e+00,-7.090978379436355984e-03
2.100000000000000089e+00,-6.278763656254025653e-03
2.133333333333333304e+00,-4.871617738036656924e-03
2.166666666666666519e+00,-3.151609564026726026e-03
2.200000000000000178e+00,-1.295821013283322528e-03
2.233333333333333393e+00,6.131432300725245298e-04
2.266666666666666607e+00,2.366572563476488072e-03
2.299999999999999822e+00,3.769973808657469793e-03
2.333333333333333481e+00,4.893398189162389937e-03
2.366666666666666696e+00,5.800444882936637951e-03
2.399999999999999911e+00,6.292486573917621673e-03
2.433333333333333126e+00,6.171824023158649711e-03
2.466666666666666785e+00,5.512425722051901393e-03
2.500000000000000000e+00,4.493521000672664502e-03
2.533333333333333215e+00,3.162554000642873921e-03
2.566666666666666430e+00,1.577284410495613824e-03
2.600000000000000089e+00,2.093180806210577396e-05
2.633333333333333304e+00,-1.276712678077507280e-03
2.666666666666666519e+00,-2.389819836500723781e-03
2.700000000000000178e+00,-3.442526156029676598e-03
2.733333333333333393e+00,-4.293844376559782273e-03
2.766666666666666607e+00,-4.749355731069489044e-03
2.799999999999999822e+00,-4.874149255171544848e-03
2.833333333333333481e+00,-4.784790422649185318e-03
2.866666666666666696e+00,-4.351608525819983773e-03
2.899999999999999911e+00,-3.408653724948707171e-03
2.933333333333333126e+00,-2.050510238176828266e-03
2.966666666666666785e+00,-5.791541265094998347e-04
3.000000000000000000e+00,7.905115092917518183e-04
3.033333333333333215e+00,2.121225973008837151e-03
3.066666666666666430e+00,3.477298855449536923e-03
3.100000000000000089e+00,4.618558804473141786e-03
3.133333333333333304e+00,5.258477063012995112e-03
3.166666666666666519e+00,5.398998517372240874e-03
3.200000000000000178e+00,5.284521044076120715e-03
3.233333333333333393e+00,5.104285319579763766e-03
3.266666666666666607e+00,4.771813700131083934e-03
3.299999999999999822e+00,4.198081607465662182e-03
3.333333333333333481e+00,3.557120908232652701e-03
3.366666666666666696e+00,3.025348149289338890e-03
3.399999999999999911e+00,2.513685582786741052e-03
3.433333333333333126e+00,1.932093669480279986e-03
3.466666666666666785e+00,1.449674350987071626e-03
3.500000000000000000e+00,1.237932308717280003e-03
3.533333333333333215e+00,1.203076379071370836e-03
3.566666666666666430e+00,1.253252717370333114e-03
3.600000000000000089e+00,1.558499818134292817e-03
3.633333333333333304e+00,2.290444465328904736e-03
3.666666666666666519e+00,3.327818841931456592e-03
3.699999999999999734e+00,4.411002405624842547e-03
3.733333333333333393e+00,5.439861108321238960e-03
3.766666666666666607e+00,6.448019451004676460e-03
3.799999999999999822e+00,7.320278144812377742e-03
3.833333333333333481e+00,7.932314564798011516e-03
3.866666666666666696e+00,8.446143138834781919e-03
3.899999999999999911e+00,9.062633169713434772e-03
3.933333333333333126e+00,9.707335061690889472e-03
3.966666666666666785e+00,1.021768620289711417e-02
4.000000000000000000e+00,1.063833019150957522e-02
4.033333333333333215e+00,1.103210007573648260e-02
4.066666666666666430e+00,1.117898648244670251e-02
4.099999999999999645e+00,1.083288826208741659e-02
4.133333333333332860e+00,1.003385378343994369e-02
4.166666666666666963e+00,8.979643393268746387e-03
4.200000000000000178e+00,7.733399330303421075e-03
4.233333333333333393e+00,6.272004379352746559e-03
4.266666666666666607e+00,4.772235179332972622e-03
4.299999999999999822e+00,3.430691034468060820e-03
4.333333333333333037e+00,2.157344191504915066e-03
4.366666666666666252e+00,8.357565980227976222e-04
4.400000000000000355e+00,-3.643928520906644696e-04
4.433333333333333570e+00,-1.243205453999065603e-03
4.466666666666666785e+00,-1.881836270241587800e-03
4.500000000000000000e+00,-2.385925114826185130e-03
4.533333333333333215e+00,-2.576926875229127670e-03
4.566666666666666430e+00,-2.247484961990690779e-03
4.599999999999999645e+00,-1.489671601044741675e-03
4.633333333333332860e+00,-6.203000047520473414e-04
4.666666666666666963e+00,1.234451413850185149e-04
4.700000000000000178e+00,8.077095934555108495e-04
4.733333333333333393e+00,1.535996465190003681e-03
4.766666666666666607e+00,2.140901187846340654e-03
4.799999999999999822e+00,2.446827385316107523e-03
4.833333333333333037e+00,2.583348962256423048e-03
4.866666666666666252e+00,2.741631955412288796e-03
4.900000000000000355e+00,2.855745468748525050e-03
4.933333333333333570e+00,2.826665177494973487e-03
4.966666666666666785e+00,2.836512196621627634e-03
5.000000000000000000e+00,3.139444149006795966e-03
5.033333333333333215e+00,3.729235044537051579e-03
5.066666666666666430e+00,4.278830876678068641e-03
5.099999999999999645e+00,4.432506128602307742e-03
5.133333333333332860e+00,4.147008842581142649e-03
5.166666666666666963e+00,3.657706069587535538e-03
5.200000000000000178e+00,3.173219106888973060e-03
5.233333333333333393e+00,2.592950200244709819e-03
5.266666666666666607e+00,1.768850111569911926e-03
5.299999999999999822e+00,8.305025177673893994e-04
5.333333333333333037e+00,-7.288149047411560902e-05
5.366666666666666252e+00,-1.089709796962759795e-03
5.400000000000000355e+00,-2.413425582982026227e-03
5.433333333333333570e+00,-3.955970780607634581e-03
5.466666666666666785e+00,-5.463711625502140970e-03
5.500000000000000000e+00,-6.823367901761797499e-03
5.533333333333333215e+00,-8.191843666638344221e-03
5.566666666666666430e+00,-9.715803224953611580e-03
5.599999999999999645e+00,-1.127686228828559886e-02
5.633333333333332860e+00,-1.270476622603463300e-02
5.666666666666666963e+00,-1.405011199434867165e-02
5.700000000000000178e+00,-1.537135330975343724e-02
5.733333333333333393e+00,-1.646350466004806862e-02
5.766666666666666607e+00,-1.711671631296534171e-02
5.799999999999999822e+00,-1.738872290384630218e-02
5.833333333333333037e+00,-1.734024903549670135e-02
5.866666666666666252e+00,-1.680633964395719659e-02
5.900000000000000355e+00,-1.565982924105727495e-02
5.933333333333333570e+00,-1.404580323019995192e-02
5.966666666666666785e+00,-1.217074638786543733e-02
6.000000000000000000e+00,-1.005198204017588963e-02
6.033333333333333215e+00,-7.709517451872274774e-03
6.066666666666666430e+00,-5.425924662560263102e-03
6.099999999999999645e+00,-3.482847867905139970e-03
6.133333333333332860e+00,-1.897136522760676982e-03
6.166666666666666963e+00,-6.351060013678128460e-04
6.200000000000000178e+00,1.492868324880319809e-04
6.233333333333333393e+00,3.430608802566059538e-04
6.266666666666666607e+00,1.266924545685872792e-04
6.299999999999999822e+00,-2.906272672468372437e-04
6.333333333333333037e+00,-9.859891747066151096e-04
6.366666666666666252e+00,-2.063035074162832081e-03
6.400000000000000355e+00,-3.339818512394429877e-03
6.433333333333333570e+00,-4.602442120322233939e-03
6.466666666666666785e+00,-5.918326503627821533e-03
6.500000000000000000e+00,-7.381474175259100483e-03
6.533333333333333215e+00,-8.801990218052141435e-03
6.566666666666666430e+00,-9.961231492207059043e-03
6.599999999999999645e+00,-1.092571015537960495e-02
6.633333333333332860e+00,-1.178895919368993378e-02
6.666666666666666963e+00,-1.235990672677112975e-02
6.700000000000000178e+00,-1.241126705762083358e-02
6.733333333333333393e+00,-1.199740168726109481e-02
6.766666666666666607e+00,-1.128253046250065131e-02
6.799999999999999822e+00,-1.024649898925085109e-02
6.833333333333333037e+00,-8.852393116739824472e-03
6.866666666666666252e+00,-7.346942731461772631e-03
6.899999999999999467e+00,-6.027747562211122241e-03
6.933333333333333570e+00,-4.927988399016971707e-03
6.966666666666666785e+00,-4.025923028723595379e-03
7.000000000000000000e+00,-3.469223001812024067e-03
7.033333333333333215e+00,-3.350915048025573419e-03
7.066666666666666430e+00,-3.521450054164029786e-03
7.099999999999999645e+00,-3.819240328231423166e-03
7.133333333333332860e+00,-4.336410066985652879e-03
7.166666666666666963e+00,-5.179614181338422496e-03
7.200000000000000178e+00,-6.207358241603743582e-03
7.233333333333333393e+00,-7.253139407127264654e-03
7.266666666666666607e+00,-8.389296039910698957e-03
7.299999999999999822e+00,-9.711148862603199983e-03
7.333333333333333037e+00,-1.108024037100248729e-02
7.366666666666666252e+00,-1.233590079094230331e-02
7.399999999999999467e+00,-1.355689296998077893e-02
7.433333333333333570e+00,-1.484528449058663754e-02
7.466666666666666785e+00,-1.606971654653147757e-02
7.500000000000000000e+00,-1.707719254377822182e-02
7.533333333333333215e+00,-1.795437086366817245e-02
7.566666666666666430e+00,-1.881094669141381015e-02
7.599999999999999645e+00,-1.952325244127432746e-02
7.633333333333332860e+00,-1.994481135639179781e-02
7.666666666666666963e+00,-2.016627453579812601e-02
7.700000000000000178e+00,-2.030097718288611033e-02
7.733333333333333393e+00,-2.023002737297773315e-02
7.766666666666666607e+00,-1.981185174868939705e-02
7.799999999999999822e+00,-1.914040216334955691e-02
7.833333333333333037e+00,-1.833213472231957214e-02
7.866666666666666252e+00,-1.727266279102722402e-02
7.899999999999999467e+00,-1.582512081522938208e-02
7.933333333333333570e+00,-1.408816188426543700e-02
7.966666666666666785e+00,-1.220748622976795990e-02
8.000000000000000000e+00,-1.012980854173820694e-02
8.033333333333333215e+00,-7.781683024445575948e-03
8.066666666666666430e+00,-5.318799353064440454e-03
8.099999999999999645e+00,-2.918792289326263382e-03
8.133333333333332860e+00,-5.324665582601269221e-04
8.166666666666666075e+00,1.912742984402242058e-03
8.199999999999999289e+00,4.260778634693175408e-03
8.233333333333332504e+00,6.333942424215203287e-03
8.266666666666665719e+00,8.179927698097940597e-03
8.300000000000000711e+00,9.866273500733246590e-03
8.333333333333333925e+00,1.122361262332094607e-02
8.366666666666667140e+00,1.205551468445669079e-02
8.400000000000000355e+00,1.238912260417237947e-02
8.433333333333333570e+00,1.228144552023064176e-02
8.466666666666666785e+00,1.166948505644431304e-02
8.500000000000000000e+00,1.059509035908200690e-02
8.533333333333333215e+00,9.342935739122863736e-03
8.566666666666666430e+00,8.211622188521346122e-03
8.599999999999999645e+00,7.239443630009072608e-03
8.633333333333332860e+00,6.302242725559957168e-03
8.666666666666666075e+00,5.377713209604734722e-03
8.699999999999999289e+00,4.603599391169161184e-03
8.733333333333332504e+00,4.017749972187272672e-03
8.766666666666665719e+00,3.454574187476777778e-03
8.800000000000000711e+00,2.787957037463347290e-03
8.833333333333333925e+00,2.176777904566137671e-03
8.866666666666667140e+00,1.845472099444814490e-03
8.900000000000000355e+00,1.772452662181097597e-03
8.933333333333333570e+00,1.817419262675812764e-03
8.966666666666666785e+00,2.015931657359666587e-03
9.000000000000000000e+00,2.463171844468900733e-03
9.033333333333333215e+00,3.012723897659119916e-03
9.066666666666666430e+00,3.483358273297678526e-03
9.099999999999999645e+00,3.971806715600502934e-03
9.133333333333332860e+00,4.638911008838650200e-03
9.166666666666666075e+00,5.398215883136684920e-03
9.199999999999999289e+00,6.126735538446934949e-03
9.233333333333332504e+00,6.936572947302466728e-03
9.266666666666665719e+00,7.959388845020764700e-03
9.300000000000000711e+00,9.081165889625505624e-03
9.333333333333333925e+00,1.015186785527007543e-02
9.366666666666667140e+00,1.126021554764932917e-02
9.400000000000000355e+00,1.251729461626816670e-02
9.433333333333333570e+00,1.381497706779622088e-02
9.466666666666666785e+00,1.500794213662864050e-02
9.500000000000000000e+00,1.616738025435741216e-02
9.533333333333333215e+00,1.740095588545636715e-02
9.566666666666666430e+00,1.859555108961669437e-02
9.599999999999999645e+00,1.961623503236930091e-02
9.633333333333332860e+00,2.051939404428040556e-02
9.666666666666666075e+00,2.133841421947633987e-02
9.699999999999999289e+00,2.188960994647259559e-02
9.733333333333332504e+00,2.198700042008963282e-02
9.766666666666665719e+00,2.169776438528168289e-02
9.800000000000000711e+00,2.113112845224273881e-02
9.833333333333333925e+00,2.018818259765305101e-02
9.866666666666667140e+00,1.877311438263691915e-02
9.900000000000000355e+00,1.705177580439373036e-02
9.933333333333333570e+00,1.523656227564781918e-02
9.966666666666666785e+00,1.332138281026358159e-02
1.000000000000000000e+01,1.128289112466243811e-02
1.003333333333333321e+01,9.346291569938510943e-03
1.006666666666666643e+01,7.765268347377022630e-03
1.009999999999999964e+01,6.554469863891914869e-03
1.013333333333333286e+01,5.534478340690641290e-03
1.016666666666666607e+01,4.577698608554344774e-03
1.019999999999999929e+01,3.825753855713958772e-03
1.023333333333333250e+01,3.477691020813892045e-03
1.026666666666666572e+01,3.474543339241358605e-03
1.030000000000000071e+01,3.684484413216895186e-03
1.033333333333333393e+01,4.195327111582840621e-03
1.036666666666666714e+01,5.130729898389078079e-03
1.040000000000000036e+01,6.380048084189960701e-03
1.043333333333333357e+01,7.717901462077453659e-03
1.046666666666666679e+01,9.045469892556480540e-03
1.050000000000000000e+01,1.027551895007216068e-02
1.053333333333333321e+01,1.118485886139654849e-02
1.056666666666666643e+01,1.164174760798484740e-02
1.059999999999999964e+01,1.175667691740796619e-02
1.063333333333333286e+01,1.166273823417331677e-02
1.066666666666666607e+01,1.126829044029664488e-02
1.069999999999999929e+01,1.048684811085541860e-02
1.073333333333333250e+01,9.499677679977409223e-03
1.076666666666666572e+01,8.480615336669685561e-03
1.080000000000000071e+01,7.337684841042056011e-03
1.083333333333333393e+01,5.979732153453061645e-03
1.086666666666666714e+01,4.581382492302748209e-03
1.090000000000000036e+01,3.310192122161921633e-03
1.093333333333333357e+01,2.069667838467274638e-03
1.096666666666666679e+01,7.636054872841569179e-04
1.100000000000000000e+01,-4.398199589509504785e-04
1.103333333333333321e+01,-1.378415585368058085e-03
1.106666666666666643e+01,-2.152319456816305897e-03
1.109999999999999964e+01,-2.862229846174750483e-03
1.113333333333333286e+01,-3.344908142488673807e-03
1.116666666666666607e+01,-3.429700701111499956e-03
1.119999999999999929e+01,-3.197334054260412596e-03
1.123333333333333250e+01,-2.743233001722869980e-03
1.126666666666666572e+01,-1.958422868013131452e-03
1.130000000000000071e+01,-7.972151886928628651e-04
1.133333333333333393e+01,5.116539535082926561e-04
1.136666666666666714e+01,1.731294308430283242e-03
1.140000000000000036e+01,2.889116080439695436e-03
1.143333333333333357e+01,4.011773458761823397e-03
1.146666666666666679e+01,4.865447533524604011e-03
1.150000000000000000e+01,5.212742636433440047e-03
1.153333333333333321e+01,5.087327516812854659e-03
1.156666666666666643e+01,4.617509684568793689e-03
1.159999999999999964e+01,3.779120362224420559e-03
1.163333333333333286e+01,2.553751462665021683e-03
1.166666666666666607e+01,1.187926770499456294e-03
1.169999999999999929e+01,-7.042425412396766636e-05
1.173333333333333250e+01,-1.236179390817636944e-03
1.176666666666666572e+01,-2.333174046119941558e-03
1.180000000000000071e+01,-3.148209888602848325e-03
1.183333333333333393e+01,-3.502295804554139778e-03
1.186666666666666714e+01,-3.500535889473554638e-03
1.190000000000000036e+01,-3.270650608879107236e-03
1.193333333333333357e+01,-2.677609790195040109e-03
1.196666666666666679e+01,-1.588834007716524157e-03
