0.000000000000000000e+00,1.022672779566744794e-01
3.333333333333333287e-02,1.046492345253734885e-01
6.666666666666666574e-02,1.072288742696645703e-01
1.000000000000000056e-01,1.089894010025167642e-01
1.333333333333333315e-01,1.099360297146351750e-01
1.666666666666666574e-01,1.093070084418687193e-01
2.000000000000000111e-01,9.720937687470732058e-02
2.333333333333333370e-01,8.225190359592091105e-02
2.666666666666666630e-01,7.206180808030004936e-02
2.999999999999999889e-01,4.844220092348048429e-02
3.333333333333333148e-01,1.539487217587261376e-02
3.666666666666666408e-01,-9.499063994327455740e-03
4.000000000000000222e-01,-1.675109539116220042e-02
4.333333333333333481e-01,-2.480452005977883123e-02
4.666666666666666741e-01,-3.806137343540012125e-02
5.000000000000000000e-01,-3.091604260949227731e-02
5.333333333333333259e-01,5.201573982397450415e-04
5.666666666666666519e-01,3.215311192503623322e-02
5.999999999999999778e-01,4.787420248425629937e-02
6.333333333333333037e-01,3.327602796521032108e-02
6.666666666666666297e-01,9.452854516931083126e-03
6.999999999999999556e-01,2.756765304280020881e-03
7.333333333333332815e-01,1.986487680934020603e-02
7.666666666666666075e-01,4.657821305901081732e-02
8.000000000000000444e-01,5.607262011385857198e-02
8.333333333333333703e-01,4.131684068737244420e-02
8.666666666666666963e-01,2.872163109394779840e-02
9.000000000000000222e-01,3.629740245912915775e-02
9.333333333333333481e-01,5.244325188420645434e-02
9.666666666666666741e-01,5.834762723661403999e-02
1.000000000000000000e+00,5.034869108946709443e-02
1.033333333333333215e+00,5.489679917457374742e-02
1.066666666666666652e+00,7.801023792003047852e-02
1.100000000000000089e+00,8.760354520691168712e-02
1.133333333333333304e+00,7.160085479058786451e-02
1.166666666666666741e+00,6.237368441354607107e-02
1.199999999999999956e+00,7.721662116956370947e-02
1.233333333333333393e+00,8.574842884111351371e-02
1.266666666666666607e+00,7.149429637944096361e-02
1.300000000000000044e+00,6.313939240380017637e-02
1.333333333333333259e+00,7.973739052459201393e-02
1.366666666666666696e+00,9.426853690293475474e-02
1.399999999999999911e+00,8.464731276464933230e-02
1.433333333333333348e+00,7.821531786011291787e-02
1.466666666666666563e+00,9.547479300567156268e-02
1.500000000000000000e+00,1.101018143161089369e-01
1.533333333333333215e+00,1.013683968809528796e-01
1.566666666666666652e+00,9.372493208696967837e-02
1.600000000000000089e+00,1.084369636887679150e-01
1.633333333333333304e+00,1.201133092365766486e-01
1.666666666666666741e+00,1.057440649598149346e-01
1.699999999999999956e+00,9.424677197819322783e-02
1.733333333333333393e+00,1.094150624499506397e-01
1.766666666666666607e+00,1.210817876612501343e-01
1.800000000000000044e+00,1.056560362391852220e-01
1.833333333333333259e+00,9.394313344829882673e-02
1.866666666666666696e+00,1.096269743921831352e-01
1.899999999999999911e+00,1.220354225397417003e-01
1.933333333333333348e+00,1.066538176792129616e-01
1.966666666666666563e+00,9.480027089264171647e-02
2.000000000000000000e+00,1.110944111531639300e-01
2.033333333333333215e+00,1.237178200154599866e-01
2.066666666666666430e+00,1.077676259307816520e-01
2.100000000000000089e+00,9.545292242998261456e-02
2.133333333333333304e+00,1.113219548723573676e-01
2.166666666666666519e+00,1.238849748077389124e-01
2.200000000000000178e+00,1.091008422380914389e-01
2.233333333333333393e+00,9.721875436206038612e-02
2.266666666666666607e+00,1.128670745471325870e-01
2.299999999999999822e+00,1.249146071962199817e-01
2.333333333333333481e+00,1.091663804921473718e-01
2.366666666666666696e+00,9.671757532363214893e-02
2.399999999999999911e+00,1.121864762022472817e-01
2.433333333333333126e+00,1.239163189301105000e-01
2.466666666666666785e+00,1.071581274695585784e-01
2.500000000000000000e+00,9.389580784463025243e-02
2.533333333333333215e+00,1.082934972498846293e-01
2.566666666666666430e+00,1.190791566749242192e-01
2.600000000000000089e+00,1.020149467140768901e-01
2.633333333333333304e+00,8.888614399264842258e-02
2.666666666666666519e+00,1.031698649632767362e-01
2.700000000000000178e+00,1.141660113543153110e-01
2.733333333333333393e+00,9.742774423089549385e-02
2.766666666666666607e+00,8.424948728267704634e-02
2.799999999999999822e+00,9.898962305699020303e-02
2.833333333333333481e+00,1.108838580260571444e-01
2.866666666666666696e+00,9.558649746707811867e-02
2.899999999999999911e+00,8.358520358914832415e-02
2.933333333333333126e+00,9.911134581518935005e-02
2.966666666666666785e+00,1.108668853758387890e-01
3.000000000000000000e+00,9.583130784231613797e-02
3.033333333333333215e+00,8.419801451175541740e-02
3.066666666666666430e+00,9.937640091444421842e-02
3.100000000000000089e+00,1.108118023034320027e-01
3.133333333333333304e+00,9.648947216982256547e-02
3.166666666666666519e+00,8.514835976065597556e-02
3.200000000000000178e+00,1.000058387688328859e-01
3.233333333333333393e+00,1.115032584370599239e-01
3.266666666666666607e+00,9.638439173146219618e-02
3.299999999999999822e+00,8.453287311356713629e-02
3.333333333333333481e+00,9.956143892747346125e-02
3.366666666666666696e+00,1.110614710015710160e-01
3.399999999999999911e+00,9.553275596240003165e-02
3.433333333333333126e+00,8.338155481860577700e-02
3.466666666666666785e+00,9.855595017531458557e-02
3.500000000000000000e+00,1.101184415860619048e-01
3.533333333333333215e+00,9.410894720372631195e-02
3.566666666666666430e+00,8.140241593103526851e-02
3.600000000000000089e+00,9.624937075649794838e-02
3.633333333333333304e+00,1.084825292366874278e-01
3.666666666666666519e+00,9.275978897038583693e-02
3.699999999999999734e+00,7.988671402397737320e-02
3.733333333333333393e+00,9.384075451451691363e-02
3.766666666666666607e+00,1.042253625356810987e-01
3.799999999999999822e+00,8.744743142709293648e-02
3.833333333333333481e+00,7.446960677762044789e-02
3.866666666666666696e+00,8.842112969712395687e-02
3.899999999999999911e+00,9.974590424748876194e-02
3.933333333333333126e+00,8.449408753151935181e-02
3.966666666666666785e+00,7.297188280182512199e-02
4.000000000000000000e+00,8.832317478183428217e-02
4.033333333333333215e+00,1.000439952210894906e-01
4.066666666666666430e+00,8.479106433904703977e-02
4.099999999999999645e+00,7.396687363238453605e-02
4.133333333333332860e+00,8.949044484391370513e-02
4.166666666666666963e+00,1.006345289368118373e-01
4.200000000000000178e+00,8.453692272626733839e-02
4.233333333333333393e+00,7.227902181828296801e-02
4.266666666666666607e+00,8.701775209039841474e-02
4.299999999999999822e+00,9.857902108192673207e-02
4.333333333333333037e+00,8.279808366922107588e-02
4.366666666666666252e+00,7.043241507807647406e-02
4.400000000000000355e+00,8.510723444213498523e-02
4.433333333333333570e+00,9.816460755446697328e-02
4.466666666666666785e+00,8.472884619804160744e-02
4.500000000000000000e+00,7.408890145558812146e-02
4.533333333333333215e+00,9.029549616194378070e-02
4.566666666666666430e+00,1.043881124098890723e-01
4.599999999999999645e+00,9.090719154616343223e-02
4.633333333333332860e+00,8.038953423947879651e-02
4.666666666666666963e+00,9.726399826351246614e-02
4.700000000000000178e+00,1.105032187829190909e-01
4.733333333333333393e+00,9.661625316113779671e-02
4.766666666666666607e+00,8.598395268334471653e-02
4.799999999999999822e+00,1.029692326377528722e-01
4.833333333333333037e+00,1.165808426744595200e-01
4.866666666666666252e+00,1.032571410040318133e-01
4.900000000000000355e+00,9.326090158764335780e-02
4.933333333333333570e+00,1.106230152480751211e-01
4.966666666666666785e+00,1.243678131870327719e-01
5.000000000000000000e+00,1.111408147004294134e-01
5.033333333333333215e+00,1.018277534126165729e-01
5.066666666666666430e+00,1.193068265126385891e-01
5.099999999999999645e+00,1.344778133860985159e-01
5.133333333333332860e+00,1.222174970475824463e-01
5.166666666666666963e+00,1.084261797805229632e-01
5.200000000000000178e+00,1.183235793323920565e-01
5.233333333333333393e+00,1.244009238513953675e-01
5.266666666666666607e+00,1.040153813895946383e-01
5.299999999999999822e+00,8.731460633487228562e-02
5.333333333333333037e+00,9.777915025571196073e-02
5.366666666666666252e+00,1.058299553626388112e-01
5.400000000000000355e+00,8.908068446399494689e-02
5.433333333333333570e+00,7.579763673599897167e-02
5.466666666666666785e+00,8.941224302361630571e-02
5.500000000000000000e+00,1.000950249725279101e-01
5.533333333333333215e+00,8.434436943681578036e-02
5.566666666666666430e+00,7.191343575579346725e-02
5.599999999999999645e+00,8.608991660352616204e-02
5.633333333333332860e+00,9.797791997795018970e-02
5.666666666666666963e+00,8.354940253744194689e-02
5.700000000000000178e+00,7.249238463446706915e-02
5.733333333333333393e+00,8.926671275032672936e-02
5.766666666666666607e+00,1.024052712175972518e-01
5.799999999999999822e+00,8.729258464375223847e-02
5.833333333333333037e+00,7.546645324803652466e-02
5.866666666666666252e+00,9.179798719591375500e-02
5.900000000000000355e+00,1.043024853617736808e-01
5.933333333333333570e+00,8.837179787886309534e-02
5.966666666666666785e+00,7.593396516960848608e-02
6.000000000000000000e+00,9.110839484352488415e-02
6.033333333333333215e+00,1.027151565177846781e-01
6.066666666666666430e+00,8.784221428835330137e-02
6.099999999999999645e+00,7.651817224293644415e-02
6.133333333333332860e+00,9.106367524654199186e-02
6.166666666666666963e+00,1.009763962185114550e-01
6.200000000000000178e+00,8.432547215242061633e-02
6.233333333333333393e+00,7.292130026484955341e-02
6.266666666666666607e+00,8.832199938556853369e-02
6.299999999999999822e+00,9.960034940269194004e-02
6.333333333333333037e+00,8.371094791400614243e-02
6.366666666666666252e+00,7.210150790012395672e-02
6.400000000000000355e+00,8.750950269784138480e-02
6.433333333333333570e+00,9.953163331328794550e-02
6.466666666666666785e+00,8.439237773817559463e-02
6.500000000000000000e+00,7.282019932466121670e-02
6.533333333333333215e+00,8.801706546356942440e-02
6.566666666666666430e+00,1.003738034712261251e-01
6.599999999999999645e+00,8.548970628736250743e-02
6.633333333333332860e+00,7.352599575590750003e-02
6.666666666666666963e+00,8.818908342596701311e-02
6.700000000000000178e+00,1.005125387898818806e-01
6.733333333333333393e+00,8.554685852902342569e-02
6.766666666666666607e+00,7.325350898077757911e-02
6.799999999999999822e+00,8.807094728426194397e-02
6.833333333333333037e+00,1.002917303399972898e-01
6.866666666666666252e+00,8.496330076060257253e-02
6.899999999999999467e+00,7.299441031504379229e-02
6.933333333333333570e+00,8.882637154878575414e-02
6.966666666666666785e+00,1.017567632293372715e-01
7.000000000000000000e+00,8.764809515661835249e-02
7.033333333333333215e+00,7.582747811441922781e-02
7.066666666666666430e+00,9.123654604986899952e-02
7.099999999999999645e+00,1.036231783216849667e-01
7.133333333333332860e+00,8.932678313156575123e-02
7.166666666666666963e+00,7.816590955129702756e-02
7.200000000000000178e+00,9.427230224578911355e-02
7.233333333333333393e+00,1.070884240556748274e-01
7.266666666666666607e+00,9.304865215374091836e-02
7.299999999999999822e+00,8.202744684538565423e-02
7.333333333333333037e+00,9.826556974973296721e-02
7.366666666666666252e+00,1.109277191625299835e-01
7.399999999999999467e+00,9.674191596989854813e-02
7.433333333333333570e+00,8.589157441859417152e-02
7.466666666666666785e+00,1.023618485096090130e-01
7.500000000000000000e+00,1.149808043393802104e-01
7.533333333333333215e+00,1.007264791061222159e-01
7.566666666666666430e+00,9.008287999408313984e-02
7.599999999999999645e+00,1.067181959816791564e-01
7.633333333333332860e+00,1.192055118125045776e-01
7.666666666666666963e+00,1.048521581175179268e-01
7.700000000000000178e+00,9.432596815675145518e-02
7.733333333333333393e+00,1.110551607824350751e-01
7.766666666666666607e+00,1.234372595914355747e-01
7.799999999999999822e+00,1.090021327543356094e-01
7.833333333333333037e+00,9.857695934965270135e-02
7.866666666666666252e+00,1.153950895270768606e-01
7.899999999999999467e+00,1.277028869696814339e-01
7.933333333333333570e+00,1.131173967306950690e-01
7.966666666666666785e+00,1.024848496649521656e-01
8.000000000000000000e+00,1.188575931498005028e-01
8.033333333333333215e+00,1.312196568323470702e-01
8.066666666666666430e+00,1.170581609560197023e-01
8.099999999999999645e+00,1.062765230676152028e-01
8.133333333333332860e+00,1.225795579018269105e-01
8.166666666666666075e+00,1.355782003687495130e-01
8.199999999999999289e+00,1.219463878462702100e-01
8.233333333333332504e+00,1.108665459250469942e-01
8.266666666666665719e+00,1.268949354431869736e-01
8.300000000000000711e+00,1.402547708003771820e-01
8.333333333333333925e+00,1.265592516212365737e-01
8.366666666666667140e+00,1.121357810385149589e-01
8.400000000000000355e+00,1.230764057337708911e-01
8.433333333333333570e+00,1.317031978224547928e-01
8.466666666666666785e+00,1.129390748180320453e-01
8.500000000000000000e+00,9.653995462957927487e-02
8.533333333333333215e+00,1.080686221534438995e-01
8.566666666666666430e+00,1.163369774400015988e-01
8.599999999999999645e+00,9.727081554521213591e-02
8.633333333333332860e+00,8.169214151902152998e-02
8.666666666666666075e+00,9.319928524711218465e-02
8.699999999999999289e+00,1.030109817748203760e-01
8.733333333333332504e+00,8.770216569913866222e-02
8.766666666666665719e+00,7.577552832719439135e-02
8.800000000000000711e+00,9.110225842366419247e-02
8.833333333333333925e+00,1.027546168280220468e-01
8.866666666666667140e+00,8.748259105880167030e-02
8.900000000000000355e+00,7.619231160911453526e-02
8.933333333333333570e+00,9.180948033286324972e-02
8.966666666666666785e+00,1.033164573507238809e-01
9.000000000000000000e+00,8.815086875993478899e-02
9.033333333333333215e+00,7.696915625597425259e-02
9.066666666666666430e+00,9.290771069583850239e-02
9.099999999999999645e+00,1.053892796793584191e-01
9.133333333333332860e+00,9.110603135619980975e-02
9.166666666666666075e+00,8.037917673672757835e-02
9.199999999999999289e+00,9.671603010876050899e-02
9.233333333333332504e+00,1.093873458438688606e-01
9.266666666666665719e+00,9.516269052055915945e-02
9.300000000000000711e+00,8.449376536168660967e-02
9.333333333333333925e+00,1.010855487904096794e-01
9.366666666666667140e+00,1.147042726574458577e-01
9.400000000000000355e+00,1.009325298053592168e-01
9.433333333333333570e+00,9.062683007400787472e-02
9.466666666666666785e+00,1.071245872361010210e-01
9.500000000000000000e+00,1.203912198941647083e-01
9.533333333333333215e+00,1.067020246624131169e-01
9.566666666666666430e+00,9.658691323708093468e-02
9.599999999999999645e+00,1.130862911990261760e-01
9.633333333333332860e+00,1.263219788456705905e-01
9.666666666666666075e+00,1.126061638548515598e-01
9.699999999999999289e+00,1.023997193860257671e-01
9.733333333333332504e+00,1.184341741675767473e-01
9.766666666666665719e+00,1.314821235144691125e-01
9.800000000000000711e+00,1.181395986055812364e-01
9.833333333333333925e+00,1.078626118849578402e-01
9.866666666666667140e+00,1.227084599583170149e-01
9.900000000000000355e+00,1.336868518869933353e-01
9.933333333333333570e+00,1.180181467017742958e-01
9.966666666666666785e+00,1.061131082557932592e-01
1.000000000000000000e+01,1.208251287569713367e-01
1.003333333333333321e+01,1.324767208689795750e-01
1.006666666666666643e+01,1.167322722982836597e-01
1.009999999999999964e+01,1.043329269538366549e-01
1.013333333333333286e+01,1.191120345919191720e-01
1.016666666666666607e+01,1.305883814680912913e-01
1.019999999999999929e+01,1.145264602690355821e-01
1.023333333333333250e+01,1.019871664021850810e-01
1.026666666666666572e+01,1.171894806834690439e-01
1.030000000000000071e+01,1.295284236540788225e-01
1.033333333333333393e+01,1.149079339314604126e-01
1.036666666666666714e+01,1.026905172182956683e-01
1.040000000000000036e+01,1.176779552098574516e-01
1.043333333333333357e+01,1.293273985055714281e-01
1.046666666666666679e+01,1.140661178384496793e-01
1.050000000000000000e+01,1.022418271243855370e-01
1.053333333333333321e+01,1.171500600808317583e-01
1.056666666666666643e+01,1.277349793830797886e-01
1.059999999999999964e+01,1.118428146730267719e-01
1.063333333333333286e+01,9.981393295958537748e-02
1.066666666666666607e+01,1.156688110014825605e-01
1.069999999999999929e+01,1.276776083079704527e-01
1.073333333333333250e+01,1.118801833150413483e-01
1.076666666666666572e+01,9.945251310944092094e-02
1.080000000000000071e+01,1.144489267455520015e-01
1.083333333333333393e+01,1.257491226875312451e-01
1.086666666666666714e+01,1.097466157650015262e-01
1.090000000000000036e+01,9.709530892382313427e-02
1.093333333333333357e+01,1.114253810216402907e-01
1.096666666666666679e+01,1.221853328537698541e-01
1.100000000000000000e+01,1.061789233131364002e-01
1.103333333333333321e+01,9.350050251848016081e-02
1.106666666666666643e+01,1.073396337162733916e-01
1.109999999999999964e+01,1.177323415665118556e-01
1.113333333333333286e+01,1.016997718890538110e-01
1.116666666666666607e+01,8.882046559734581292e-02
1.119999999999999929e+01,1.023330152728036263e-01
1.123333333333333250e+01,1.122434274952300998e-01
1.126666666666666572e+01,9.567244742308547711e-02
1.130000000000000071e+01,8.265383439941739740e-02
1.133333333333333393e+01,9.653271560699129561e-02
1.136666666666666714e+01,1.069179646807036782e-01
1.140000000000000036e+01,9.003890547190282478e-02
1.143333333333333357e+01,7.632519087505465483e-02
1.146666666666666679e+01,9.002762358549667998e-02
1.150000000000000000e+01,1.000293343605882651e-01
1.153333333333333321e+01,8.282580153827077962e-02
1.156666666666666643e+01,6.980736442272986175e-02
1.159999999999999964e+01,8.469384981779121135e-02
1.163333333333333286e+01,9.654211298687295773e-02
1.166666666666666607e+01,8.163826531819093346e-02
1.169999999999999929e+01,7.015595426791457201e-02
1.173333333333333250e+01,8.535747981109975679e-02
1.176666666666666572e+01,9.689930958186836196e-02
1.180000000000000071e+01,8.165481468574875556e-02
1.183333333333333393e+01,7.070366703175089140e-02
1.186666666666666714e+01,8.652648420294320464e-02
1.190000000000000036e+01,9.802433704848548257e-02
1.193333333333333357e+01,8.216632398825297889e-02
1.196666666666666679e+01,7.086895845242062453e-02
